"","Date Rptd","DATE OCC","AREA NAME","Crm Cd Desc","Vict Age","Vict Sex","Vict Descent","Vict Birth Year"
"0","2020-01-08","2020-01-08","Southwest","BATTERY - SIMPLE ASSAULT","36","F","B","1987"
"1","2020-01-02","2020-01-02","Central","BATTERY - SIMPLE ASSAULT","25","M","H","1998"
"2","2020-01-01","2020-01-01","N Hollywood","VANDALISM - MISDEAMEANOR ($399 OR UNDER)","76","F","W","1947"
"3","2020-01-01","2020-01-01","Mission","VANDALISM - FELONY ($400 & OVER, ALL CHURCH VANDALISMS)","31","X","X","1992"
"4","2020-01-02","2020-01-02","Central","RAPE, FORCIBLE","25","F","H","1998"
"5","2020-01-02","2020-01-02","Central","SHOPLIFTING - PETTY THEFT ($950 & UNDER)","23","M","H","2000"
"6","2020-01-04","2020-01-04","Central","THEFT-GRAND ($950.01 & OVER)EXCPT,GUNS,FOWL,LIVESTK,PROD","23","M","B","2000"
"7","2020-01-04","2020-01-04","Central","BURGLARY FROM VEHICLE","29","M","A","1994"
"8","2020-01-05","2020-01-05","Central","CRIMINAL THREATS - NO WEAPON DISPLAYED","35","M","O","1988"
"9","2020-01-05","2020-01-05","Central","THEFT-GRAND ($950.01 & OVER)EXCPT,GUNS,FOWL,LIVESTK,PROD","41","M","A","1982"
"10","2020-01-08","2020-01-08","Central","SHOPLIFTING - PETTY THEFT ($950 & UNDER)","24","F","H","1999"
"11","2021-11-26","2021-11-26","Mission","INTIMATE PARTNER - SIMPLE ASSAULT","24","F","H","1999"
"12","2020-11-29","2020-11-29","Northeast","INTIMATE PARTNER - SIMPLE ASSAULT","34","F","H","1989"
"13","2020-02-22","2020-02-22","Harbor","THEFT PLAIN - PETTY ($950 & UNDER)","29","F","W","1994"
"14","2021-11-22","2021-11-22","Van Nuys","THEFT OF IDENTITY","46","M","B","1977"
"15","2020-01-14","2020-01-14","Central","ROBBERY","66","M","B","1957"
"16","2020-09-10","2020-09-10","Van Nuys","THEFT OF IDENTITY","40","M","O","1983"
"17","2020-01-14","2020-01-14","Central","THEFT-GRAND ($950.01 & OVER)EXCPT,GUNS,FOWL,LIVESTK,PROD","31","M","H","1992"
"18","2020-01-15","2020-01-15","Central","SHOPLIFTING - PETTY THEFT ($950 & UNDER)","27","M","B","1996"
"19","2021-11-18","2021-11-18","West Valley","THEFT OF IDENTITY","46","F","W","1977"
"20","2020-01-15","2020-01-15","Central","ASSAULT WITH DEADLY WEAPON, AGGRAVATED ASSAULT","62","M","A","1961"
"21","2021-11-29","2021-11-29","West Valley","THEFT OF IDENTITY","34","F","B","1989"
"22","2020-02-15","2020-02-15","Northeast","BURGLARY FROM VEHICLE","43","M","A","1980"
"23","2020-01-19","2020-01-19","Central","ASSAULT WITH DEADLY WEAPON, AGGRAVATED ASSAULT","71","M","W","1952"
"24","2020-10-15","2020-10-15","West LA","BATTERY - SIMPLE ASSAULT","50","F","W","1973"
"25","2020-01-20","2020-01-20","Central","RAPE, FORCIBLE","19","F","B","2004"
"26","2020-01-23","2020-01-23","Central","BURGLARY","51","M","W","1972"
"27","2021-11-24","2021-11-24","West LA","THEFT OF IDENTITY","27","M","W","1996"
"28","2020-07-29","2020-07-29","Northeast","INTIMATE PARTNER - SIMPLE ASSAULT","33","F","H","1990"
"29","2020-09-15","2020-09-15","Central","CRIMINAL THREATS - NO WEAPON DISPLAYED","69","M","B","1954"
"30","2020-01-27","2020-01-27","West Valley","THEFT OF IDENTITY","39","M","B","1984"
"31","2021-11-29","2021-11-29","Wilshire","SHOPLIFTING - PETTY THEFT ($950 & UNDER)","19","M","O","2004"
"32","2020-12-04","2020-12-04","Van Nuys","BATTERY - SIMPLE ASSAULT","57","F","H","1966"
"33","2020-01-28","2020-01-28","West LA","BATTERY - SIMPLE ASSAULT","78","F","W","1945"
"34","2020-01-30","2020-01-30","Central","BURGLARY FROM VEHICLE","24","M","H","1999"
"35","2020-01-30","2020-01-30","Central","ASSAULT WITH DEADLY WEAPON, AGGRAVATED ASSAULT","52","M","H","1971"
"36","2020-01-31","2020-01-31","Central","ASSAULT WITH DEADLY WEAPON, AGGRAVATED ASSAULT","38","F","H","1985"
"37","2020-02-04","2020-02-04","Central","SHOPLIFTING - PETTY THEFT ($950 & UNDER)","55","M","W","1968"
"38","2020-02-04","2020-02-04","Central","VANDALISM - FELONY ($400 & OVER, ALL CHURCH VANDALISMS)","66","F","A","1957"
"39","2022-06-15","2022-06-15","Rampart","BRANDISH WEAPON","34","M","W","1989"
"40","2020-02-06","2020-02-06","77th Street","INTIMATE PARTNER - AGGRAVATED ASSAULT","50","F","B","1973"
"41","2020-12-11","2020-12-11","Central","SHOPLIFTING - PETTY THEFT ($950 & UNDER)","35","M","B","1988"
"42","2020-11-26","2020-11-26","Hollenbeck","VANDALISM - FELONY ($400 & OVER, ALL CHURCH VANDALISMS)","40","M","O","1983"
"43","2020-02-08","2020-02-08","Hollenbeck","INTIMATE PARTNER - SIMPLE ASSAULT","27","F","H","1996"
"44","2020-03-27","2020-03-27","Northeast","BUNCO, GRAND THEFT","51","F","W","1972"
"45","2020-08-04","2020-08-04","Central","THEFT, PERSON","44","M","B","1979"
"46","2021-04-23","2021-04-23","Central","VANDALISM - FELONY ($400 & OVER, ALL CHURCH VANDALISMS)","41","M","A","1982"
"47","2020-01-01","2020-01-01","Central","CRIMINAL THREATS - NO WEAPON DISPLAYED","57","M","O","1966"
"48","2020-01-01","2020-01-01","Central","INTIMATE PARTNER - SIMPLE ASSAULT","25","M","W","1998"
"49","2020-01-01","2020-01-01","West LA","BATTERY - SIMPLE ASSAULT","24","M","W","1999"
"50","2020-01-01","2020-01-01","Central","BURGLARY","34","F","B","1989"
"51","2020-06-24","2020-06-24","Central","BATTERY WITH SEXUAL CONTACT","18","F","B","2005"
"52","2020-01-01","2020-01-01","Central","ASSAULT WITH DEADLY WEAPON, AGGRAVATED ASSAULT","57","M","B","1966"
"53","2020-01-01","2020-01-01","Central","VANDALISM - MISDEAMEANOR ($399 OR UNDER)","55","M","H","1968"
"54","2020-01-01","2020-01-01","Central","BIKE - STOLEN","23","M","A","2000"
"55","2020-01-01","2020-01-01","Central","VANDALISM - MISDEAMEANOR ($399 OR UNDER)","55","M","H","1968"
"56","2020-01-01","2020-01-01","Southwest","INTIMATE PARTNER - AGGRAVATED ASSAULT","54","F","W","1969"
"57","2020-01-01","2020-01-01","Central","THEFT PLAIN - PETTY ($950 & UNDER)","22","F","A","2001"
"58","2020-01-01","2020-01-01","Central","BATTERY - SIMPLE ASSAULT","28","M","B","1995"
"59","2020-01-01","2020-01-01","West LA","LETTERS, LEWD  -  TELEPHONE CALLS, LEWD","42","F","W","1981"
"60","2020-01-02","2020-01-02","Central","ASSAULT WITH DEADLY WEAPON, AGGRAVATED ASSAULT","43","M","B","1980"
"61","2020-07-23","2020-07-23","Central","BATTERY - SIMPLE ASSAULT","46","M","H","1977"
"62","2020-01-02","2020-01-02","Central","BATTERY - SIMPLE ASSAULT","56","F","O","1967"
"63","2020-01-02","2020-01-02","Central","THEFT-GRAND ($950.01 & OVER)EXCPT,GUNS,FOWL,LIVESTK,PROD","55","F","O","1968"
"64","2020-01-02","2020-01-02","Central","VANDALISM - MISDEAMEANOR ($399 OR UNDER)","55","M","H","1968"
"65","2020-01-01","2020-01-01","Central","THEFT PLAIN - PETTY ($950 & UNDER)","67","M","B","1956"
"66","2020-01-02","2020-01-02","Central","THEFT-GRAND ($950.01 & OVER)EXCPT,GUNS,FOWL,LIVESTK,PROD","57","M","B","1966"
"67","2020-01-02","2020-01-02","Central","BURGLARY FROM VEHICLE","37","F","H","1986"
"68","2020-01-01","2020-01-01","Central","BATTERY - SIMPLE ASSAULT","60","M","O","1963"
"69","2020-01-02","2020-01-02","Central","BURGLARY","51","M","O","1972"
"70","2020-01-02","2020-01-02","Van Nuys","VIOLATION OF COURT ORDER","52","F","W","1971"
"71","2020-01-02","2020-01-02","Central","ROBBERY","61","M","W","1962"
"72","2020-01-02","2020-01-02","Central","INTIMATE PARTNER - SIMPLE ASSAULT","38","M","B","1985"
"73","2020-12-07","2020-12-07","Central","BATTERY - SIMPLE ASSAULT","36","F","B","1987"
"74","2020-01-02","2020-01-02","Central","BURGLARY","59","M","H","1964"
"75","2020-01-02","2020-01-02","Central","SHOPLIFTING - PETTY THEFT ($950 & UNDER)","32","M","H","1991"
"76","2020-01-02","2020-01-02","Central","TRESPASSING","44","F","B","1979"
"77","2020-01-02","2020-01-02","Central","ASSAULT WITH DEADLY WEAPON, AGGRAVATED ASSAULT","60","F","W","1963"
"78","2020-01-02","2020-01-02","Central","BATTERY WITH SEXUAL CONTACT","24","F","W","1999"
"79","2020-01-02","2020-01-02","Central","BURGLARY FROM VEHICLE","31","M","W","1992"
"80","2020-01-02","2020-01-02","Central","THEFT PLAIN - PETTY ($950 & UNDER)","30","M","W","1993"
"81","2021-10-26","2021-10-26","Central","ASSAULT WITH DEADLY WEAPON, AGGRAVATED ASSAULT","50","M","B","1973"
"82","2020-01-02","2020-01-02","Southeast","INTIMATE PARTNER - SIMPLE ASSAULT","50","F","B","1973"
"83","2020-01-02","2020-01-02","Central","ASSAULT WITH DEADLY WEAPON, AGGRAVATED ASSAULT","40","M","H","1983"
"84","2020-01-02","2020-01-02","Central","TRESPASSING","34","M","O","1989"
"85","2020-08-10","2020-08-10","Central","INTIMATE PARTNER - SIMPLE ASSAULT","34","F","B","1989"
"86","2020-01-02","2020-01-02","Central","BATTERY - SIMPLE ASSAULT","45","M","O","1978"
"87","2020-01-02","2020-01-02","Central","BATTERY - SIMPLE ASSAULT","62","M","B","1961"
"88","2020-01-02","2020-01-02","Central","SHOPLIFTING - PETTY THEFT ($950 & UNDER)","20","F","H","2003"
"89","2020-01-02","2020-01-02","Pacific","THEFT OF IDENTITY","31","F","B","1992"
"90","2020-11-12","2020-11-12","Newton","RAPE, FORCIBLE","15","F","H","2008"
"91","2020-04-15","2020-04-15","Central","BURGLARY FROM VEHICLE","51","M","H","1972"
"92","2020-01-03","2020-01-03","Central","THEFT PLAIN - PETTY ($950 & UNDER)","23","M","B","2000"
"93","2021-12-02","2021-12-02","Central","THEFT PLAIN - PETTY ($950 & UNDER)","29","M","B","1994"
"94","2020-01-03","2020-01-03","Central","VANDALISM - MISDEAMEANOR ($399 OR UNDER)","58","M","B","1965"
"95","2021-01-23","2021-01-23","Central","BATTERY - SIMPLE ASSAULT","24","M","H","1999"
"96","2020-01-03","2020-01-03","Central","BRANDISH WEAPON","51","F","B","1972"
"97","2020-01-03","2020-01-03","Central","VANDALISM - FELONY ($400 & OVER, ALL CHURCH VANDALISMS)","41","F","B","1982"
"98","2020-01-03","2020-01-03","Central","VANDALISM - MISDEAMEANOR ($399 OR UNDER)","32","M","W","1991"
"99","2020-01-03","2020-01-03","Central","SHOPLIFTING - PETTY THEFT ($950 & UNDER)","23","M","H","2000"
"100","2020-01-03","2020-01-03","Central","SHOPLIFTING - PETTY THEFT ($950 & UNDER)","35","M","W","1988"
"101","2020-01-03","2020-01-03","Central","ROBBERY","28","M","H","1995"
"102","2020-01-03","2020-01-03","Central","ASSAULT WITH DEADLY WEAPON, AGGRAVATED ASSAULT","58","M","H","1965"
"103","2020-01-03","2020-01-03","Central","THEFT-GRAND ($950.01 & OVER)EXCPT,GUNS,FOWL,LIVESTK,PROD","57","M","W","1966"
"104","2020-01-03","2020-01-03","Central","THEFT PLAIN - PETTY ($950 & UNDER)","27","F","H","1996"
"105","2020-01-04","2020-01-04","Central","BURGLARY FROM VEHICLE","30","F","H","1993"
"106","2020-01-04","2020-01-04","Central","BURGLARY FROM VEHICLE","30","M","B","1993"
"107","2020-01-04","2020-01-04","Central","BURGLARY FROM VEHICLE","31","M","B","1992"
"108","2020-01-03","2020-01-03","Hollenbeck","ROBBERY","24","F","H","1999"
"109","2020-01-04","2020-01-04","Wilshire","BATTERY - SIMPLE ASSAULT","29","F","H","1994"
"110","2020-01-04","2020-01-04","Wilshire","THEFT FROM MOTOR VEHICLE - GRAND ($950.01 AND OVER)","47","F","A","1976"
"111","2020-01-03","2020-01-03","Central","BATTERY - SIMPLE ASSAULT","48","F","B","1975"
"112","2020-01-04","2020-01-04","West LA","THEFT OF IDENTITY","32","F","O","1991"
"113","2020-01-03","2020-01-03","Southwest","ROBBERY","23","M","B","2000"
"114","2020-06-10","2020-06-10","Harbor","VIOLATION OF RESTRAINING ORDER","46","F","H","1977"
"115","2020-02-17","2020-02-17","Central","BATTERY - SIMPLE ASSAULT","40","F","H","1983"
"116","2020-12-24","2020-12-24","Central","BATTERY - SIMPLE ASSAULT","57","F","O","1966"
"117","2020-01-04","2020-01-04","Central","BURGLARY FROM VEHICLE","32","M","H","1991"
"118","2020-10-20","2020-10-20","West LA","DISTURBING THE PEACE","58","M","W","1965"
"119","2020-09-19","2020-09-19","Southeast","VIOLATION OF RESTRAINING ORDER","25","F","H","1998"
"120","2020-09-17","2020-09-17","Central","THEFT PLAIN - PETTY ($950 & UNDER)","18","M","H","2005"
"121","2020-01-04","2020-01-04","Central","BURGLARY FROM VEHICLE","25","M","O","1998"
"122","2020-01-04","2020-01-04","Central","THEFT PLAIN - PETTY ($950 & UNDER)","37","F","W","1986"
"123","2020-11-08","2020-11-08","Hollenbeck","ASSAULT WITH DEADLY WEAPON, AGGRAVATED ASSAULT","23","M","H","2000"
"124","2020-01-04","2020-01-04","Central","TRESPASSING","67","M","O","1956"
"125","2020-01-04","2020-01-04","Central","BATTERY - SIMPLE ASSAULT","26","M","H","1997"
"126","2020-01-05","2020-01-05","Central","BURGLARY FROM VEHICLE","47","M","H","1976"
"127","2020-01-04","2020-01-04","Central","BATTERY - SIMPLE ASSAULT","21","F","H","2002"
"128","2020-01-04","2020-01-04","Central","THEFT PLAIN - PETTY ($950 & UNDER)","26","F","C","1997"
"129","2020-03-26","2020-03-26","Central","ROBBERY","64","M","H","1959"
"130","2020-01-04","2020-01-04","Central","THEFT PLAIN - PETTY ($950 & UNDER)","26","F","W","1997"
"131","2020-01-04","2020-01-04","Central","THEFT FROM MOTOR VEHICLE - PETTY ($950 & UNDER)","31","F","B","1992"
"132","2020-01-05","2020-01-05","Central","VANDALISM - FELONY ($400 & OVER, ALL CHURCH VANDALISMS)","39","M","O","1984"
"133","2020-01-04","2020-01-04","West LA","INTIMATE PARTNER - SIMPLE ASSAULT","35","F","W","1988"
"134","2020-01-04","2020-01-04","Central","THEFT PLAIN - PETTY ($950 & UNDER)","25","F","F","1998"
"135","2020-01-05","2020-01-05","Central","BATTERY - SIMPLE ASSAULT","28","M","H","1995"
"136","2020-01-05","2020-01-05","West LA","BURGLARY","33","M","O","1990"
"137","2020-01-05","2020-01-05","Central","THEFT-GRAND ($950.01 & OVER)EXCPT,GUNS,FOWL,LIVESTK,PROD","75","M","B","1948"
"138","2020-01-05","2020-01-05","Central","CRIMINAL THREATS - NO WEAPON DISPLAYED","32","F","W","1991"
"139","2020-01-01","2020-01-01","Central","BURGLARY FROM VEHICLE","30","F","A","1993"
"140","2020-01-05","2020-01-05","West LA","LETTERS, LEWD  -  TELEPHONE CALLS, LEWD","44","M","W","1979"
"141","2020-01-05","2020-01-05","Central","THEFT FROM MOTOR VEHICLE - PETTY ($950 & UNDER)","28","M","W","1995"
"142","2020-10-25","2020-10-25","Central","INTIMATE PARTNER - SIMPLE ASSAULT","26","F","W","1997"
"143","2020-01-05","2020-01-05","Central","VANDALISM - FELONY ($400 & OVER, ALL CHURCH VANDALISMS)","56","M","H","1967"
"144","2020-01-05","2020-01-05","Central","THEFT, PERSON","35","F","W","1988"
"145","2020-01-04","2020-01-04","Central","THEFT FROM MOTOR VEHICLE - ATTEMPT","28","F","H","1995"
"146","2020-01-05","2020-01-05","Central","TRESPASSING","19","M","W","2004"
"147","2020-01-06","2020-01-06","Central","BATTERY - SIMPLE ASSAULT","43","F","B","1980"
"148","2020-01-05","2020-01-05","Hollenbeck","OTHER MISCELLANEOUS CRIME","12","F","H","2011"
"149","2020-01-06","2020-01-06","Central","THROWING OBJECT AT MOVING VEHICLE","43","M","H","1980"
"150","2020-01-05","2020-01-05","Central","THEFT PLAIN - PETTY ($950 & UNDER)","59","M","B","1964"
"151","2020-01-05","2020-01-05","Central","VANDALISM - MISDEAMEANOR ($399 OR UNDER)","34","F","B","1989"
"152","2020-01-05","2020-01-05","Central","BURGLARY","38","M","B","1985"
"153","2020-01-05","2020-01-05","Central","BURGLARY FROM VEHICLE","37","M","B","1986"
"154","2020-01-06","2020-01-06","Southwest","THEFT OF IDENTITY","27","F","B","1996"
"155","2020-01-05","2020-01-05","Central","ASSAULT WITH DEADLY WEAPON, AGGRAVATED ASSAULT","61","X","X","1962"
"156","2020-01-06","2020-01-06","West LA","EXTORTION","49","M","O","1974"
"157","2020-02-07","2020-02-07","Central","ASSAULT WITH DEADLY WEAPON, AGGRAVATED ASSAULT","22","M","H","2001"
"158","2020-01-06","2020-01-06","Central","BURGLARY FROM VEHICLE","43","F","W","1980"
"159","2020-01-06","2020-01-06","Central","BATTERY - SIMPLE ASSAULT","71","M","B","1952"
"160","2020-01-05","2020-01-05","Central","BATTERY - SIMPLE ASSAULT","71","M","A","1952"
"161","2020-01-06","2020-01-06","Central","SHOPLIFTING - PETTY THEFT ($950 & UNDER)","55","M","W","1968"
"162","2020-01-01","2020-01-01","Central","BURGLARY FROM VEHICLE","19","F","W","2004"
"163","2020-01-06","2020-01-06","Central","BURGLARY FROM VEHICLE","68","F","W","1955"
"164","2022-07-22","2022-07-22","Central","THEFT OF IDENTITY","38","F","H","1985"
"165","2020-01-06","2020-01-06","Central","BIKE - STOLEN","48","M","B","1975"
"166","2020-01-08","2020-01-08","Central","BATTERY - SIMPLE ASSAULT","69","F","W","1954"
"167","2020-01-06","2020-01-06","Van Nuys","SEX,UNLAWFUL(INC MUTUAL CONSENT, PENETRATION W/ FRGN OBJ","14","F","H","2009"
"168","2020-01-06","2020-01-06","West Valley","LETTERS, LEWD  -  TELEPHONE CALLS, LEWD","37","M","H","1986"
"169","2020-01-06","2020-01-06","Wilshire","SHOPLIFTING - PETTY THEFT ($950 & UNDER)","26","M","H","1997"
"170","2020-01-06","2020-01-06","Central","BURGLARY FROM VEHICLE","50","F","H","1973"
"171","2020-01-06","2020-01-06","Central","BATTERY - SIMPLE ASSAULT","13","M","B","2010"
"172","2020-01-06","2020-01-06","Central","BUNCO, GRAND THEFT","61","M","H","1962"
"173","2020-01-06","2020-01-06","Northeast","VANDALISM - MISDEAMEANOR ($399 OR UNDER)","50","M","H","1973"
"174","2020-01-02","2020-01-02","Central","BURGLARY FROM VEHICLE","26","M","W","1997"
"175","2020-01-03","2020-01-03","Central","CRIMINAL THREATS - NO WEAPON DISPLAYED","26","F","H","1997"
"176","2020-01-06","2020-01-06","Central","INTIMATE PARTNER - AGGRAVATED ASSAULT","26","F","H","1997"
"177","2020-01-06","2020-01-06","Central","THEFT PLAIN - PETTY ($950 & UNDER)","45","M","H","1978"
"178","2021-11-09","2021-11-09","Central","VANDALISM - MISDEAMEANOR ($399 OR UNDER)","36","F","H","1987"
"179","2021-12-20","2021-12-20","77th Street","BATTERY - SIMPLE ASSAULT","45","F","B","1978"
"180","2020-11-20","2020-11-20","Central","BURGLARY FROM VEHICLE","24","M","W","1999"
"181","2020-01-06","2020-01-06","Central","BIKE - STOLEN","50","M","W","1973"
"182","2020-01-07","2020-01-07","Central","BURGLARY FROM VEHICLE","25","F","H","1998"
"183","2020-03-04","2020-03-04","Central","THEFT PLAIN - PETTY ($950 & UNDER)","27","M","W","1996"
"184","2020-01-06","2020-01-06","Southeast","CRM AGNST CHLD (13 OR UNDER) (14-15 & SUSP 10 YRS OLDER)","10","F","H","2013"
"185","2020-01-06","2020-01-06","Central","BURGLARY FROM VEHICLE","33","M","A","1990"
"186","2020-01-06","2020-01-06","Central","BURGLARY FROM VEHICLE","53","M","B","1970"
"187","2020-01-06","2020-01-06","Central","BURGLARY FROM VEHICLE","38","F","W","1985"
"188","2020-01-05","2020-01-05","Central","BURGLARY FROM VEHICLE","23","M","W","2000"
"189","2020-07-20","2020-07-20","Central","BATTERY - SIMPLE ASSAULT","74","M","B","1949"
"190","2020-01-07","2020-01-07","Central","BATTERY - SIMPLE ASSAULT","23","M","H","2000"
"191","2020-01-02","2020-01-02","Central","BURGLARY FROM VEHICLE","26","F","B","1997"
"192","2020-01-03","2020-01-03","Central","BURGLARY FROM VEHICLE","23","M","B","2000"
"193","2020-12-15","2020-12-15","West LA","INTIMATE PARTNER - AGGRAVATED ASSAULT","49","F","O","1974"
"194","2020-01-02","2020-01-02","Central","BIKE - STOLEN","57","M","W","1966"
"195","2020-01-04","2020-01-04","Central","BATTERY WITH SEXUAL CONTACT","40","F","B","1983"
"196","2020-01-04","2020-01-04","Central","THEFT PLAIN - PETTY ($950 & UNDER)","25","F","H","1998"
"197","2020-01-07","2020-01-07","Central","TRESPASSING","34","F","B","1989"
"198","2020-01-07","2020-01-07","Central","VANDALISM - FELONY ($400 & OVER, ALL CHURCH VANDALISMS)","35","M","W","1988"
"199","2020-01-07","2020-01-07","Central","BURGLARY FROM VEHICLE","38","M","B","1985"
"200","2020-01-07","2020-01-07","Central","CRIMINAL THREATS - NO WEAPON DISPLAYED","29","F","B","1994"
"201","2020-01-06","2020-01-06","Central","SHOPLIFTING - PETTY THEFT ($950 & UNDER)","24","M","B","1999"
"202","2020-01-06","2020-01-06","Central","BATTERY - SIMPLE ASSAULT","26","F","H","1997"
"203","2020-11-16","2020-11-16","Central","ATTEMPTED ROBBERY","56","M","W","1967"
"204","2020-01-07","2020-01-07","Central","BURGLARY FROM VEHICLE","26","M","W","1997"
"205","2020-01-07","2020-01-07","Central","OTHER ASSAULT","47","M","B","1976"
"206","2020-01-07","2020-01-07","Central","THEFT, PERSON","29","F","H","1994"
"207","2022-01-28","2022-01-28","Central","BOMB SCARE","29","M","H","1994"
"208","2020-01-07","2020-01-07","West Valley","THEFT OF IDENTITY","45","F","W","1978"
"209","2020-01-07","2020-01-07","Central","INTIMATE PARTNER - AGGRAVATED ASSAULT","38","M","B","1985"
"210","2020-01-07","2020-01-07","Central","BURGLARY FROM VEHICLE","32","M","W","1991"
"211","2020-01-07","2020-01-07","Central","BATTERY - SIMPLE ASSAULT","30","M","W","1993"
"212","2020-01-07","2020-01-07","Central","BATTERY - SIMPLE ASSAULT","62","F","W","1961"
"213","2020-12-05","2020-12-05","Central","THEFT PLAIN - PETTY ($950 & UNDER)","71","M","H","1952"
"214","2020-01-07","2020-01-07","Central","BATTERY - SIMPLE ASSAULT","53","M","B","1970"
"215","2020-01-07","2020-01-07","Central","THEFT-GRAND ($950.01 & OVER)EXCPT,GUNS,FOWL,LIVESTK,PROD","31","M","B","1992"
"216","2020-01-07","2020-01-07","Wilshire","BURGLARY FROM VEHICLE","53","F","W","1970"
"217","2020-01-08","2020-01-08","Central","THEFT PLAIN - PETTY ($950 & UNDER)","49","M","A","1974"
"218","2020-01-07","2020-01-07","Central","THEFT PLAIN - PETTY ($950 & UNDER)","38","M","B","1985"
"219","2022-01-25","2022-01-25","Central","VANDALISM - FELONY ($400 & OVER, ALL CHURCH VANDALISMS)","55","M","W","1968"
"220","2020-01-08","2020-01-08","Central","BRANDISH WEAPON","43","M","H","1980"
"221","2020-01-08","2020-01-08","Foothill","THEFT OF IDENTITY","64","F","W","1959"
"222","2020-01-08","2020-01-08","Central","THEFT PLAIN - PETTY ($950 & UNDER)","56","M","O","1967"
"223","2020-01-08","2020-01-08","Central","INTIMATE PARTNER - SIMPLE ASSAULT","34","M","B","1989"
"224","2020-01-08","2020-01-08","Central","BURGLARY FROM VEHICLE","30","M","B","1993"
"225","2020-01-08","2020-01-08","Central","THEFT PLAIN - PETTY ($950 & UNDER)","35","M","A","1988"
"226","2020-01-08","2020-01-08","Central","TRESPASSING","36","M","W","1987"
"227","2020-01-07","2020-01-07","Central","BURGLARY","25","F","W","1998"
"228","2020-05-20","2020-05-20","Central","BIKE - STOLEN","67","M","W","1956"
"229","2020-01-08","2020-01-08","Central","THEFT-GRAND ($950.01 & OVER)EXCPT,GUNS,FOWL,LIVESTK,PROD","37","M","W","1986"
"230","2020-01-07","2020-01-07","Central","ASSAULT WITH DEADLY WEAPON, AGGRAVATED ASSAULT","57","M","B","1966"
"231","2020-01-08","2020-01-08","Central","BUNCO, GRAND THEFT","40","M","H","1983"
"232","2020-01-08","2020-01-08","Central","THEFT PLAIN - PETTY ($950 & UNDER)","65","M","B","1958"
"233","2021-11-08","2021-11-08","Central","THEFT PLAIN - PETTY ($950 & UNDER)","59","F","A","1964"
"234","2020-01-08","2020-01-08","Central","SHOPLIFTING - PETTY THEFT ($950 & UNDER)","34","M","B","1989"
"235","2020-01-08","2020-01-08","Central","BATTERY - SIMPLE ASSAULT","20","M","H","2003"
"236","2020-01-08","2020-01-08","Central","VANDALISM - MISDEAMEANOR ($399 OR UNDER)","69","F","A","1954"
"237","2020-01-09","2020-01-09","Central","ATTEMPTED ROBBERY","58","F","W","1965"
"238","2020-01-09","2020-01-09","Central","BURGLARY FROM VEHICLE","33","F","H","1990"
"239","2020-01-09","2020-01-09","Central","BURGLARY FROM VEHICLE","28","F","K","1995"
"240","2020-01-09","2020-01-09","Central","BURGLARY FROM VEHICLE","31","M","B","1992"
"241","2020-12-28","2020-12-28","Central","THEFT-GRAND ($950.01 & OVER)EXCPT,GUNS,FOWL,LIVESTK,PROD","38","M","C","1985"
"242","2020-01-08","2020-01-08","Rampart","INTIMATE PARTNER - SIMPLE ASSAULT","25","F","W","1998"
"243","2020-01-09","2020-01-09","Southwest","VIOLATION OF RESTRAINING ORDER","25","M","B","1998"
"244","2020-01-08","2020-01-08","Central","BATTERY - SIMPLE ASSAULT","34","F","H","1989"
"245","2020-01-08","2020-01-08","Central","OTHER MISCELLANEOUS CRIME","41","M","H","1982"
"246","2020-01-09","2020-01-09","Central","VANDALISM - FELONY ($400 & OVER, ALL CHURCH VANDALISMS)","49","F","O","1974"
"247","2020-01-09","2020-01-09","Central","SHOPLIFTING - PETTY THEFT ($950 & UNDER)","20","F","H","2003"
"248","2020-01-31","2020-01-31","Central","INTIMATE PARTNER - AGGRAVATED ASSAULT","45","F","B","1978"
"249","2020-01-09","2020-01-09","Central","BURGLARY FROM VEHICLE","30","F","W","1993"
"250","2020-01-08","2020-01-08","Central","THEFT-GRAND ($950.01 & OVER)EXCPT,GUNS,FOWL,LIVESTK,PROD","27","F","W","1996"
"251","2020-01-07","2020-01-07","Central","INTIMATE PARTNER - AGGRAVATED ASSAULT","38","M","B","1985"
"252","2020-01-09","2020-01-09","Central","THEFT PLAIN - PETTY ($950 & UNDER)","32","M","W","1991"
"253","2020-01-08","2020-01-08","Central","THEFT PLAIN - PETTY ($950 & UNDER)","39","F","W","1984"
"254","2020-01-05","2020-01-05","Foothill","ROBBERY","35","F","O","1988"
"255","2020-12-07","2020-12-07","Central","THEFT, PERSON","64","F","W","1959"
"256","2020-05-11","2020-05-11","Central","BATTERY - SIMPLE ASSAULT","57","M","B","1966"
"257","2020-11-07","2020-11-07","Central","BURGLARY FROM VEHICLE","34","F","W","1989"
"258","2020-01-09","2020-01-09","Central","BURGLARY FROM VEHICLE","29","M","W","1994"
"259","2020-01-09","2020-01-09","Central","BURGLARY FROM VEHICLE","27","M","W","1996"
"260","2020-01-09","2020-01-09","Central","BATTERY - SIMPLE ASSAULT","17","M","H","2006"
"261","2020-01-10","2020-01-10","Central","BATTERY - SIMPLE ASSAULT","17","M","H","2006"
"262","2020-01-09","2020-01-09","Olympic","SEXUAL PENETRATION W/FOREIGN OBJECT","26","F","W","1997"
"263","2020-01-09","2020-01-09","Central","SEXUAL PENETRATION W/FOREIGN OBJECT","32","F","H","1991"
"264","2020-01-09","2020-01-09","Central","VIOLATION OF COURT ORDER","53","M","B","1970"
"265","2020-07-09","2020-07-09","Central","BURGLARY FROM VEHICLE","46","F","O","1977"
"266","2020-01-09","2020-01-09","Central","BATTERY - SIMPLE ASSAULT","55","F","B","1968"
"267","2020-01-10","2020-01-10","Central","THEFT-GRAND ($950.01 & OVER)EXCPT,GUNS,FOWL,LIVESTK,PROD","33","M","B","1990"
"268","2020-01-10","2020-01-10","Foothill","THEFT OF IDENTITY","33","M","H","1990"
"269","2020-01-10","2020-01-10","Central","BURGLARY","27","M","A","1996"
"270","2020-01-01","2020-01-01","Central","BATTERY - SIMPLE ASSAULT","48","M","H","1975"
"271","2020-01-09","2020-01-09","Southwest","SHOTS FIRED AT INHABITED DWELLING","60","F","H","1963"
"272","2020-01-08","2020-01-08","Central","ATTEMPTED ROBBERY","30","M","A","1993"
"273","2020-01-08","2020-01-08","Central","INTIMATE PARTNER - SIMPLE ASSAULT","45","F","H","1978"
"274","2021-10-19","2021-10-19","Central","BRANDISH WEAPON","54","M","H","1969"
"275","2020-01-10","2020-01-10","Central","ASSAULT WITH DEADLY WEAPON, AGGRAVATED ASSAULT","26","M","H","1997"
"276","2020-01-10","2020-01-10","Central","ASSAULT WITH DEADLY WEAPON, AGGRAVATED ASSAULT","26","M","H","1997"
"277","2020-01-10","2020-01-10","Central","BATTERY - SIMPLE ASSAULT","28","F","W","1995"
"278","2021-12-02","2021-12-02","Central","ASSAULT WITH DEADLY WEAPON, AGGRAVATED ASSAULT","36","M","H","1987"
"279","2020-01-10","2020-01-10","Central","VANDALISM - FELONY ($400 & OVER, ALL CHURCH VANDALISMS)","33","F","W","1990"
"280","2020-01-10","2020-01-10","Central","THEFT-GRAND ($950.01 & OVER)EXCPT,GUNS,FOWL,LIVESTK,PROD","27","M","W","1996"
"281","2021-12-01","2021-12-01","Central","THEFT PLAIN - PETTY ($950 & UNDER)","48","M","W","1975"
"282","2020-01-10","2020-01-10","Central","THEFT PLAIN - PETTY ($950 & UNDER)","28","F","B","1995"
"283","2020-05-29","2020-05-29","Central","BATTERY - SIMPLE ASSAULT","58","F","B","1965"
"284","2020-01-11","2020-01-11","Central","BATTERY - SIMPLE ASSAULT","51","M","W","1972"
"285","2020-01-11","2020-01-11","Central","THEFT OF IDENTITY","64","F","A","1959"
"286","2020-02-01","2020-02-01","Central","BURGLARY FROM VEHICLE","32","M","H","1991"
"287","2020-01-11","2020-01-11","Central","BURGLARY FROM VEHICLE","32","M","O","1991"
"288","2020-01-20","2020-01-20","Central","BURGLARY FROM VEHICLE","39","M","H","1984"
"289","2020-01-11","2020-01-11","Central","VANDALISM - FELONY ($400 & OVER, ALL CHURCH VANDALISMS)","38","M","H","1985"
"290","2020-01-11","2020-01-11","Central","BUNCO, GRAND THEFT","29","M","W","1994"
"291","2020-01-11","2020-01-11","Central","THEFT PLAIN - PETTY ($950 & UNDER)","38","M","W","1985"
"292","2020-01-11","2020-01-11","Central","THEFT, PERSON","20","M","W","2003"
"293","2020-01-11","2020-01-11","Central","BATTERY - SIMPLE ASSAULT","57","M","B","1966"
"294","2020-01-11","2020-01-11","Central","BATTERY - SIMPLE ASSAULT","65","F","H","1958"
"295","2020-01-11","2020-01-11","Central","THEFT PLAIN - PETTY ($950 & UNDER)","22","F","W","2001"
"296","2020-01-11","2020-01-11","Central","THEFT OF IDENTITY","67","M","B","1956"
"297","2020-01-11","2020-01-11","Rampart","VIOLATION OF RESTRAINING ORDER","37","F","W","1986"
"298","2020-01-11","2020-01-11","Central","BRANDISH WEAPON","22","M","H","2001"
"299","2020-01-11","2020-01-11","Central","SHOPLIFTING - PETTY THEFT ($950 & UNDER)","30","M","H","1993"
"300","2020-01-11","2020-01-11","Central","BATTERY - SIMPLE ASSAULT","30","F","W","1993"
"301","2020-01-11","2020-01-11","Hollenbeck","INTIMATE PARTNER - AGGRAVATED ASSAULT","46","F","H","1977"
"302","2020-01-11","2020-01-11","Central","BATTERY - SIMPLE ASSAULT","65","M","H","1958"
"303","2020-01-11","2020-01-11","Central","BATTERY - SIMPLE ASSAULT","28","M","O","1995"
"304","2020-01-11","2020-01-11","Central","BATTERY - SIMPLE ASSAULT","41","F","B","1982"
"305","2020-01-11","2020-01-11","Wilshire","THEFT OF IDENTITY","35","F","B","1988"
"306","2020-01-11","2020-01-11","Central","BATTERY - SIMPLE ASSAULT","28","F","H","1995"
"307","2020-01-11","2020-01-11","Central","BATTERY - SIMPLE ASSAULT","35","F","H","1988"
"308","2020-01-11","2020-01-11","Central","BURGLARY FROM VEHICLE","35","M","W","1988"
"309","2020-01-11","2020-01-11","Central","BURGLARY FROM VEHICLE","38","M","B","1985"
"310","2020-09-28","2020-09-28","Central","THEFT-GRAND ($950.01 & OVER)EXCPT,GUNS,FOWL,LIVESTK,PROD","32","F","H","1991"
"311","2020-01-11","2020-01-11","Central","BIKE - STOLEN","39","F","H","1984"
"312","2020-01-11","2020-01-11","Central","THEFT, PERSON","57","M","W","1966"
"313","2020-02-04","2020-02-04","Central","THEFT-GRAND ($950.01 & OVER)EXCPT,GUNS,FOWL,LIVESTK,PROD","56","M","B","1967"
"314","2020-07-16","2020-07-16","Central","INTIMATE PARTNER - SIMPLE ASSAULT","29","F","B","1994"
"315","2020-01-11","2020-01-11","Central","VANDALISM - FELONY ($400 & OVER, ALL CHURCH VANDALISMS)","29","M","H","1994"
"316","2020-01-12","2020-01-12","Hollywood","THEFT OF IDENTITY","36","M","B","1987"
"317","2020-01-12","2020-01-12","Van Nuys","ASSAULT WITH DEADLY WEAPON, AGGRAVATED ASSAULT","45","M","H","1978"
"318","2020-03-13","2020-03-13","Central","VIOLATION OF RESTRAINING ORDER","47","F","H","1976"
"319","2020-03-22","2020-03-22","Central","VANDALISM - FELONY ($400 & OVER, ALL CHURCH VANDALISMS)","30","M","H","1993"
"320","2020-01-11","2020-01-11","West Valley","TRESPASSING","45","F","H","1978"
"321","2020-01-11","2020-01-11","Central","BURGLARY FROM VEHICLE","34","F","W","1989"
"322","2020-01-11","2020-01-11","Central","BURGLARY FROM VEHICLE","57","F","B","1966"
"323","2021-12-01","2021-12-01","Central","ASSAULT WITH DEADLY WEAPON, AGGRAVATED ASSAULT","45","M","B","1978"
"324","2020-01-11","2020-01-11","Hollenbeck","THEFT OF IDENTITY","30","M","H","1993"
"325","2020-01-12","2020-01-12","Central","VANDALISM - FELONY ($400 & OVER, ALL CHURCH VANDALISMS)","28","F","W","1995"
"326","2020-01-11","2020-01-11","Central","CRIMINAL THREATS - NO WEAPON DISPLAYED","62","M","H","1961"
"327","2020-01-12","2020-01-12","Central","SHOPLIFTING - PETTY THEFT ($950 & UNDER)","21","F","H","2002"
"328","2020-01-11","2020-01-11","Central","BURGLARY","27","M","H","1996"
"329","2020-01-11","2020-01-11","Central","THEFT, PERSON","26","F","O","1997"
"330","2020-01-11","2020-01-11","Central","THEFT PLAIN - PETTY ($950 & UNDER)","26","F","H","1997"
"331","2020-01-11","2020-01-11","West LA","THEFT OF IDENTITY","51","F","W","1972"
"332","2020-01-12","2020-01-12","Central","THEFT-GRAND ($950.01 & OVER)EXCPT,GUNS,FOWL,LIVESTK,PROD","29","M","B","1994"
"333","2020-01-12","2020-01-12","Central","ROBBERY","23","M","H","2000"
"334","2021-12-12","2021-12-12","Central","BURGLARY FROM VEHICLE","38","F","H","1985"
"335","2020-12-12","2020-12-12","Central","BURGLARY FROM VEHICLE","27","M","H","1996"
"336","2020-10-17","2020-10-17","Central","RAPE, FORCIBLE","37","F","H","1986"
"337","2020-01-11","2020-01-11","Central","BATTERY - SIMPLE ASSAULT","35","M","B","1988"
"338","2020-01-12","2020-01-12","Central","BATTERY - SIMPLE ASSAULT","60","M","H","1963"
"339","2020-03-12","2020-03-12","Southeast","INTIMATE PARTNER - AGGRAVATED ASSAULT","28","F","H","1995"
"340","2020-01-12","2020-01-12","Central","BURGLARY FROM VEHICLE","26","M","B","1997"
"341","2020-01-12","2020-01-12","Central","BURGLARY FROM VEHICLE","36","M","B","1987"
"342","2020-01-12","2020-01-12","Central","VANDALISM - FELONY ($400 & OVER, ALL CHURCH VANDALISMS)","45","M","H","1978"
"343","2020-01-12","2020-01-12","Central","THEFT PLAIN - PETTY ($950 & UNDER)","20","F","X","2003"
"344","2020-01-12","2020-01-12","Rampart","TRESPASSING","19","X","X","2004"
"345","2020-01-12","2020-01-12","Central","INTIMATE PARTNER - AGGRAVATED ASSAULT","46","F","W","1977"
"346","2020-01-12","2020-01-12","Central","THEFT-GRAND ($950.01 & OVER)EXCPT,GUNS,FOWL,LIVESTK,PROD","44","M","B","1979"
"347","2020-01-12","2020-01-12","Central","BIKE - STOLEN","26","M","W","1997"
"348","2021-11-27","2021-11-27","Central","THEFT PLAIN - PETTY ($950 & UNDER)","22","F","A","2001"
"349","2020-01-12","2020-01-12","Central","OTHER MISCELLANEOUS CRIME","32","M","H","1991"
"350","2020-01-12","2020-01-12","Central","BURGLARY FROM VEHICLE","40","F","O","1983"
"351","2020-01-13","2020-01-13","77th Street","THEFT OF IDENTITY","63","M","W","1960"
"352","2020-01-12","2020-01-12","Central","VANDALISM - FELONY ($400 & OVER, ALL CHURCH VANDALISMS)","57","M","H","1966"
"353","2020-01-12","2020-01-12","Central","OTHER ASSAULT","61","M","B","1962"
"354","2020-12-07","2020-12-07","Central","BURGLARY FROM VEHICLE","39","F","H","1984"
"355","2020-01-12","2020-01-12","Hollywood","THEFT OF IDENTITY","28","M","W","1995"
"356","2020-01-12","2020-01-12","Central","THEFT PLAIN - PETTY ($950 & UNDER)","22","M","B","2001"
"357","2020-01-12","2020-01-12","Central","SHOPLIFTING - PETTY THEFT ($950 & UNDER)","35","M","B","1988"
"358","2020-01-12","2020-01-12","Wilshire","THEFT OF IDENTITY","38","M","W","1985"
"359","2020-01-12","2020-01-12","Hollywood","BURGLARY FROM VEHICLE","22","F","B","2001"
"360","2020-01-12","2020-01-12","Central","CRIMINAL THREATS - NO WEAPON DISPLAYED","22","M","H","2001"
"361","2020-04-12","2020-04-12","Northeast","BURGLARY FROM VEHICLE","34","F","O","1989"
"362","2020-01-08","2020-01-08","Central","BATTERY - SIMPLE ASSAULT","40","M","H","1983"
"363","2020-01-13","2020-01-13","Central","BATTERY - SIMPLE ASSAULT","33","F","B","1990"
"364","2020-01-12","2020-01-12","Central","ASSAULT WITH DEADLY WEAPON, AGGRAVATED ASSAULT","54","M","H","1969"
"365","2020-01-12","2020-01-12","Central","BATTERY - SIMPLE ASSAULT","21","F","H","2002"
"366","2020-01-12","2020-01-12","Central","BATTERY - SIMPLE ASSAULT","21","M","W","2002"
"367","2020-01-12","2020-01-12","Van Nuys","THEFT OF IDENTITY","29","M","H","1994"
"368","2020-01-13","2020-01-13","Central","THEFT PLAIN - PETTY ($950 & UNDER)","24","F","W","1999"
"369","2020-01-08","2020-01-08","Devonshire","VANDALISM - MISDEAMEANOR ($399 OR UNDER)","31","M","H","1992"
"370","2020-01-13","2020-01-13","Central","INTIMATE PARTNER - SIMPLE ASSAULT","18","F","H","2005"
"371","2021-11-22","2021-11-22","Central","THEFT PLAIN - PETTY ($950 & UNDER)","62","F","H","1961"
"372","2020-01-13","2020-01-13","Central","BURGLARY FROM VEHICLE","36","M","W","1987"
"373","2020-01-13","2020-01-13","Central","BURGLARY FROM VEHICLE","27","F","H","1996"
"374","2022-01-30","2022-01-30","Central","VANDALISM - FELONY ($400 & OVER, ALL CHURCH VANDALISMS)","19","X","X","2004"
"375","2020-01-13","2020-01-13","Central","OTHER ASSAULT","61","M","B","1962"
"376","2020-01-13","2020-01-13","Devonshire","THEFT OF IDENTITY","30","M","B","1993"
"377","2021-12-01","2021-12-01","Central","BATTERY WITH SEXUAL CONTACT","28","F","H","1995"
"378","2020-05-10","2020-05-10","Southeast","INTIMATE PARTNER - SIMPLE ASSAULT","35","F","H","1988"
"379","2020-01-13","2020-01-13","Central","BATTERY - SIMPLE ASSAULT","27","M","B","1996"
"380","2020-01-13","2020-01-13","Central","ROBBERY","31","M","H","1992"
"381","2020-01-13","2020-01-13","Central","BATTERY - SIMPLE ASSAULT","50","M","H","1973"
"382","2020-01-13","2020-01-13","Hollywood","THEFT OF IDENTITY","56","M","H","1967"
"383","2020-01-12","2020-01-12","Central","BATTERY - SIMPLE ASSAULT","32","F","B","1991"
"384","2021-12-03","2021-12-03","Olympic","ASSAULT WITH DEADLY WEAPON, AGGRAVATED ASSAULT","22","M","H","2001"
"385","2020-01-13","2020-01-13","Central","BRANDISH WEAPON","21","M","O","2002"
"386","2020-10-22","2020-10-22","Central","INTIMATE PARTNER - SIMPLE ASSAULT","26","F","O","1997"
"387","2020-01-13","2020-01-13","Central","THEFT PLAIN - PETTY ($950 & UNDER)","27","M","H","1996"
"388","2020-01-13","2020-01-13","Central","THEFT PLAIN - PETTY ($950 & UNDER)","41","F","B","1982"
"389","2020-01-14","2020-01-14","Central","ROBBERY","29","M","H","1994"
"390","2020-01-14","2020-01-14","Hollenbeck","ASSAULT WITH DEADLY WEAPON, AGGRAVATED ASSAULT","27","M","H","1996"
"391","2020-01-14","2020-01-14","Central","VANDALISM - FELONY ($400 & OVER, ALL CHURCH VANDALISMS)","24","M","W","1999"
"392","2020-01-14","2020-01-14","Central","BURGLARY FROM VEHICLE","29","M","H","1994"
"393","2021-11-16","2021-11-16","Central","BURGLARY FROM VEHICLE","28","M","W","1995"
"394","2020-01-13","2020-01-13","Central","THEFT-GRAND ($950.01 & OVER)EXCPT,GUNS,FOWL,LIVESTK,PROD","22","M","K","2001"
"395","2020-12-13","2020-12-13","Central","THEFT-GRAND ($950.01 & OVER)EXCPT,GUNS,FOWL,LIVESTK,PROD","59","M","W","1964"
"396","2020-01-14","2020-01-14","Central","THEFT-GRAND ($950.01 & OVER)EXCPT,GUNS,FOWL,LIVESTK,PROD","33","F","H","1990"
"397","2020-01-14","2020-01-14","Central","THEFT-GRAND ($950.01 & OVER)EXCPT,GUNS,FOWL,LIVESTK,PROD","27","F","C","1996"
"398","2020-01-14","2020-01-14","Central","BURGLARY FROM VEHICLE","31","M","O","1992"
"399","2020-01-14","2020-01-14","Central","BURGLARY FROM VEHICLE","56","M","O","1967"
"400","2020-01-15","2020-01-15","Central","THEFT PLAIN - PETTY ($950 & UNDER)","60","F","O","1963"
"401","2021-11-29","2021-11-29","Central","BATTERY WITH SEXUAL CONTACT","61","F","W","1962"
"402","2020-01-10","2020-01-10","Central","THEFT, PERSON","31","F","K","1992"
"403","2020-12-27","2020-12-27","Central","INDECENT EXPOSURE","24","M","B","1999"
"404","2021-12-05","2021-12-05","Central","BATTERY - SIMPLE ASSAULT","30","M","W","1993"
"405","2020-01-14","2020-01-14","Central","ROBBERY","36","M","W","1987"
"406","2020-01-14","2020-01-14","Central","THEFT FROM MOTOR VEHICLE - PETTY ($950 & UNDER)","32","F","H","1991"
"407","2020-09-23","2020-09-23","Central","ATTEMPTED ROBBERY","50","M","B","1973"
"408","2020-01-14","2020-01-14","Central","BURGLARY FROM VEHICLE","43","M","H","1980"
"409","2020-06-18","2020-06-18","Central","BRANDISH WEAPON","24","M","B","1999"
"410","2020-01-14","2020-01-14","77th Street","RAPE, FORCIBLE","8","F","H","2015"
"411","2020-01-14","2020-01-14","Central","SHOPLIFTING - PETTY THEFT ($950 & UNDER)","25","M","H","1998"
"412","2020-02-24","2020-02-24","Central","BATTERY - SIMPLE ASSAULT","28","F","B","1995"
"413","2020-01-14","2020-01-14","Central","ROBBERY","66","M","B","1957"
"414","2020-01-12","2020-01-12","Mission","BATTERY WITH SEXUAL CONTACT","65","F","H","1958"
"415","2020-01-06","2020-01-06","Van Nuys","BURGLARY FROM VEHICLE","37","M","O","1986"
"416","2020-01-14","2020-01-14","Central","BURGLARY FROM VEHICLE","37","F","W","1986"
"417","2020-01-14","2020-01-14","Central","BURGLARY FROM VEHICLE","30","M","W","1993"
"418","2020-01-14","2020-01-14","Central","BRANDISH WEAPON","52","M","W","1971"
"419","2020-01-08","2020-01-08","Central","SHOPLIFTING - PETTY THEFT ($950 & UNDER)","40","M","B","1983"
"420","2020-01-15","2020-01-15","Central","BATTERY WITH SEXUAL CONTACT","33","F","H","1990"
"421","2020-01-15","2020-01-15","Central","BURGLARY FROM VEHICLE","22","F","W","2001"
"422","2020-01-14","2020-01-14","Central","THEFT-GRAND ($950.01 & OVER)EXCPT,GUNS,FOWL,LIVESTK,PROD","74","M","K","1949"
"423","2020-01-15","2020-01-15","Rampart","BRANDISH WEAPON","41","M","O","1982"
"424","2020-01-15","2020-01-15","Central","BATTERY WITH SEXUAL CONTACT","16","F","H","2007"
"425","2020-01-16","2020-01-16","Central","TRESPASSING","45","F","B","1978"
"426","2020-11-07","2020-11-07","Central","THEFT FROM MOTOR VEHICLE - PETTY ($950 & UNDER)","64","M","W","1959"
"427","2020-01-15","2020-01-15","Central","SHOPLIFTING - PETTY THEFT ($950 & UNDER)","51","F","W","1972"
"428","2020-01-15","2020-01-15","Southwest","BIKE - STOLEN","24","M","O","1999"
"429","2020-01-15","2020-01-15","Central","THEFT PLAIN - PETTY ($950 & UNDER)","30","F","A","1993"
"430","2020-01-16","2020-01-16","Harbor","TRESPASSING","53","M","A","1970"
"431","2022-01-28","2022-01-28","Central","THEFT PLAIN - PETTY ($950 & UNDER)","59","M","B","1964"
"432","2020-01-16","2020-01-16","Central","BURGLARY FROM VEHICLE","47","M","A","1976"
"433","2020-01-16","2020-01-16","77th Street","ORAL COPULATION","8","F","B","2015"
"434","2020-01-16","2020-01-16","Central","BATTERY - SIMPLE ASSAULT","38","F","O","1985"
"435","2020-01-15","2020-01-15","Central","BATTERY - SIMPLE ASSAULT","44","F","A","1979"
"436","2021-11-17","2021-11-17","Central","BIKE - STOLEN","33","M","W","1990"
"437","2020-01-15","2020-01-15","Central","THEFT PLAIN - PETTY ($950 & UNDER)","22","F","B","2001"
"438","2020-01-11","2020-01-11","Central","THEFT PLAIN - PETTY ($950 & UNDER)","51","M","B","1972"
"439","2020-01-16","2020-01-16","Central","SHOPLIFTING - PETTY THEFT ($950 & UNDER)","23","M","H","2000"
"440","2020-01-16","2020-01-16","Central","THEFT PLAIN - PETTY ($950 & UNDER)","71","F","W","1952"
"441","2020-01-15","2020-01-15","Southeast","THEFT PLAIN - PETTY ($950 & UNDER)","28","M","H","1995"
"442","2020-01-15","2020-01-15","Central","ASSAULT WITH DEADLY WEAPON, AGGRAVATED ASSAULT","59","F","H","1964"
"443","2020-01-11","2020-01-11","Southeast","INTIMATE PARTNER - SIMPLE ASSAULT","50","F","B","1973"
"444","2020-01-16","2020-01-16","Southeast","INTIMATE PARTNER - SIMPLE ASSAULT","34","M","H","1989"
"445","2020-01-16","2020-01-16","Central","SHOPLIFTING - PETTY THEFT ($950 & UNDER)","14","F","H","2009"
"446","2020-01-16","2020-01-16","Central","INTIMATE PARTNER - SIMPLE ASSAULT","29","F","W","1994"
"447","2020-11-24","2020-11-24","Central","BURGLARY FROM VEHICLE","33","M","W","1990"
"448","2020-01-16","2020-01-16","Central","BURGLARY FROM VEHICLE","34","M","H","1989"
"449","2020-01-16","2020-01-16","Central","VANDALISM - MISDEAMEANOR ($399 OR UNDER)","60","M","B","1963"
"450","2020-01-16","2020-01-16","Central","VIOLATION OF TEMPORARY RESTRAINING ORDER","65","F","H","1958"
"451","2020-09-14","2020-09-14","Central","VANDALISM - MISDEAMEANOR ($399 OR UNDER)","60","M","H","1963"
"452","2020-01-16","2020-01-16","Central","BIKE - STOLEN","69","M","W","1954"
"453","2020-03-10","2020-03-10","Central","THEFT PLAIN - PETTY ($950 & UNDER)","72","F","H","1951"
"454","2020-05-28","2020-05-28","Central","BURGLARY FROM VEHICLE","23","F","W","2000"
"455","2020-05-14","2020-05-14","N Hollywood","THEFT OF IDENTITY","31","M","H","1992"
"456","2020-01-16","2020-01-16","Central","BUNCO, PETTY THEFT","26","F","B","1997"
"457","2020-10-11","2020-10-11","Central","OTHER ASSAULT","35","M","H","1988"
"458","2021-12-02","2021-12-02","Central","INTIMATE PARTNER - SIMPLE ASSAULT","46","F","O","1977"
"459","2020-01-16","2020-01-16","West LA","THEFT OF IDENTITY","57","F","W","1966"
"460","2020-01-16","2020-01-16","Central","BURGLARY FROM VEHICLE","39","F","W","1984"
"461","2020-01-16","2020-01-16","Central","THEFT PLAIN - PETTY ($950 & UNDER)","30","F","W","1993"
"462","2020-01-16","2020-01-16","Central","VANDALISM - FELONY ($400 & OVER, ALL CHURCH VANDALISMS)","56","M","H","1967"
"463","2020-01-16","2020-01-16","Central","BATTERY - SIMPLE ASSAULT","33","M","H","1990"
"464","2020-01-16","2020-01-16","Central","SHOPLIFTING - PETTY THEFT ($950 & UNDER)","35","M","B","1988"
"465","2020-01-16","2020-01-16","Central","BATTERY - SIMPLE ASSAULT","28","M","H","1995"
"466","2022-02-15","2022-02-15","Central","BATTERY - SIMPLE ASSAULT","31","F","H","1992"
"467","2020-01-16","2020-01-16","Central","SHOPLIFTING - PETTY THEFT ($950 & UNDER)","55","M","H","1968"
"468","2020-09-13","2020-09-13","Central","BATTERY - SIMPLE ASSAULT","59","M","W","1964"
"469","2020-12-15","2020-12-15","Hollywood","ROBBERY","29","F","B","1994"
"470","2020-01-16","2020-01-16","Central","ASSAULT WITH DEADLY WEAPON, AGGRAVATED ASSAULT","33","M","H","1990"
"471","2020-01-17","2020-01-17","Central","ASSAULT WITH DEADLY WEAPON, AGGRAVATED ASSAULT","30","M","O","1993"
"472","2020-01-16","2020-01-16","Central","VANDALISM - FELONY ($400 & OVER, ALL CHURCH VANDALISMS)","46","M","B","1977"
"473","2020-01-16","2020-01-16","Central","ROBBERY","20","M","W","2003"
"474","2020-01-16","2020-01-16","Southeast","RAPE, FORCIBLE","18","F","B","2005"
"475","2020-01-16","2020-01-16","Central","BATTERY - SIMPLE ASSAULT","40","M","W","1983"
"476","2020-01-16","2020-01-16","Central","KIDNAPPING - GRAND ATTEMPT","46","F","H","1977"
"477","2020-01-16","2020-01-16","Wilshire","BURGLARY FROM VEHICLE","43","F","B","1980"
"478","2020-01-17","2020-01-17","Central","VANDALISM - FELONY ($400 & OVER, ALL CHURCH VANDALISMS)","27","M","B","1996"
"479","2020-11-20","2020-11-20","Central","BURGLARY FROM VEHICLE","25","M","A","1998"
"480","2020-01-17","2020-01-17","Central","VANDALISM - FELONY ($400 & OVER, ALL CHURCH VANDALISMS)","41","M","H","1982"
"481","2020-09-18","2020-09-18","Central","VANDALISM - FELONY ($400 & OVER, ALL CHURCH VANDALISMS)","43","F","O","1980"
"482","2021-04-11","2021-04-11","Central","VANDALISM - MISDEAMEANOR ($399 OR UNDER)","48","M","W","1975"
"483","2020-01-17","2020-01-17","Harbor","CRIMINAL THREATS - NO WEAPON DISPLAYED","33","F","W","1990"
"484","2020-01-17","2020-01-17","Central","THEFT PLAIN - PETTY ($950 & UNDER)","30","M","W","1993"
"485","2020-01-17","2020-01-17","Central","BURGLARY FROM VEHICLE","68","F","W","1955"
"486","2020-02-10","2020-02-10","Central","INTIMATE PARTNER - SIMPLE ASSAULT","23","F","O","2000"
"487","2020-01-13","2020-01-13","Central","THEFT, PERSON","53","M","W","1970"
"488","2020-01-16","2020-01-16","Central","INTIMATE PARTNER - SIMPLE ASSAULT","29","M","W","1994"
"489","2020-01-16","2020-01-16","Central","BURGLARY FROM VEHICLE","23","F","B","2000"
"490","2020-01-17","2020-01-17","Central","ASSAULT WITH DEADLY WEAPON, AGGRAVATED ASSAULT","38","M","H","1985"
"491","2020-01-17","2020-01-17","Central","THEFT PLAIN - PETTY ($950 & UNDER)","48","M","B","1975"
"492","2020-01-17","2020-01-17","Central","BURGLARY FROM VEHICLE","34","F","B","1989"
"493","2020-01-17","2020-01-17","Central","ATTEMPTED ROBBERY","69","M","B","1954"
"494","2020-01-17","2020-01-17","Central","VANDALISM - MISDEAMEANOR ($399 OR UNDER)","23","M","A","2000"
"495","2020-01-17","2020-01-17","Central","BURGLARY FROM VEHICLE","30","F","H","1993"
"496","2020-01-17","2020-01-17","Central","BATTERY WITH SEXUAL CONTACT","31","F","H","1992"
"497","2020-10-10","2020-10-10","Hollenbeck","LETTERS, LEWD  -  TELEPHONE CALLS, LEWD","45","M","I","1978"
"498","2020-01-18","2020-01-18","Central","INTIMATE PARTNER - AGGRAVATED ASSAULT","22","F","W","2001"
"499","2020-01-18","2020-01-18","Central","CRIMINAL THREATS - NO WEAPON DISPLAYED","38","F","H","1985"
"500","2020-01-18","2020-01-18","Central","BRANDISH WEAPON","28","M","W","1995"
"501","2020-01-18","2020-01-18","Central","BURGLARY FROM VEHICLE","61","M","W","1962"
"502","2020-12-10","2020-12-10","Central","BURGLARY FROM VEHICLE","23","M","W","2000"
"503","2020-09-19","2020-09-19","Northeast","BATTERY - SIMPLE ASSAULT","24","F","H","1999"
"504","2020-01-18","2020-01-18","Olympic","THEFT OF IDENTITY","60","M","H","1963"
"505","2020-01-17","2020-01-17","Devonshire","THEFT OF IDENTITY","56","F","B","1967"
"506","2020-01-17","2020-01-17","Central","CRIMINAL THREATS - NO WEAPON DISPLAYED","46","F","O","1977"
"507","2020-12-16","2020-12-16","Central","THEFT FROM MOTOR VEHICLE - PETTY ($950 & UNDER)","53","M","W","1970"
"508","2020-01-17","2020-01-17","Southeast","THEFT OF IDENTITY","26","M","B","1997"
"509","2020-01-18","2020-01-18","Central","SHOPLIFTING-GRAND THEFT ($950.01 & OVER)","21","F","H","2002"
"510","2020-12-17","2020-12-17","Central","INTIMATE PARTNER - AGGRAVATED ASSAULT","21","F","H","2002"
"511","2020-01-09","2020-01-09","Central","BATTERY - SIMPLE ASSAULT","50","F","W","1973"
"512","2020-01-17","2020-01-17","West LA","BATTERY - SIMPLE ASSAULT","71","M","A","1952"
"513","2020-01-17","2020-01-17","Central","ASSAULT WITH DEADLY WEAPON, AGGRAVATED ASSAULT","24","M","H","1999"
"514","2020-01-17","2020-01-17","Central","BURGLARY","36","F","W","1987"
"515","2020-02-20","2020-02-20","Central","ASSAULT WITH DEADLY WEAPON, AGGRAVATED ASSAULT","30","F","H","1993"
"516","2020-01-18","2020-01-18","Central","ASSAULT WITH DEADLY WEAPON, AGGRAVATED ASSAULT","57","M","H","1966"
"517","2020-01-17","2020-01-17","Central","ASSAULT WITH DEADLY WEAPON, AGGRAVATED ASSAULT","38","F","H","1985"
"518","2020-01-18","2020-01-18","Central","BATTERY - SIMPLE ASSAULT","63","M","B","1960"
"519","2020-01-18","2020-01-18","Central","THEFT FROM MOTOR VEHICLE - PETTY ($950 & UNDER)","25","F","H","1998"
"520","2020-12-12","2020-12-12","Central","BIKE - STOLEN","14","M","W","2009"
"521","2020-01-18","2020-01-18","Central","BIKE - STOLEN","12","M","H","2011"
"522","2020-01-18","2020-01-18","Central","BATTERY - SIMPLE ASSAULT","65","M","H","1958"
"523","2020-01-18","2020-01-18","Central","INTIMATE PARTNER - SIMPLE ASSAULT","46","F","O","1977"
"524","2020-01-18","2020-01-18","Central","VANDALISM - FELONY ($400 & OVER, ALL CHURCH VANDALISMS)","46","F","O","1977"
"525","2020-01-18","2020-01-18","Central","THEFT FROM MOTOR VEHICLE - PETTY ($950 & UNDER)","64","M","W","1959"
"526","2020-01-18","2020-01-18","Central","THEFT, PERSON","23","F","O","2000"
"527","2021-06-14","2021-06-14","Central","BATTERY - SIMPLE ASSAULT","60","M","A","1963"
"528","2020-01-18","2020-01-18","Central","BURGLARY FROM VEHICLE","63","M","W","1960"
"529","2020-01-18","2020-01-18","Central","BATTERY - SIMPLE ASSAULT","66","F","H","1957"
"530","2020-01-18","2020-01-18","Central","ROBBERY","55","M","W","1968"
"531","2020-01-18","2020-01-18","77th Street","INTIMATE PARTNER - AGGRAVATED ASSAULT","27","F","H","1996"
"532","2020-01-18","2020-01-18","Central","BURGLARY FROM VEHICLE","20","F","W","2003"
"533","2020-02-16","2020-02-16","Central","ASSAULT WITH DEADLY WEAPON, AGGRAVATED ASSAULT","76","F","O","1947"
"534","2020-01-18","2020-01-18","Central","TRESPASSING","38","M","O","1985"
"535","2022-08-06","2022-08-06","Central","VANDALISM - FELONY ($400 & OVER, ALL CHURCH VANDALISMS)","38","M","O","1985"
"536","2020-09-16","2020-09-16","Central","THEFT-GRAND ($950.01 & OVER)EXCPT,GUNS,FOWL,LIVESTK,PROD","47","F","A","1976"
"537","2021-12-01","2021-12-01","Central","THEFT PLAIN - PETTY ($950 & UNDER)","60","M","O","1963"
"538","2020-01-17","2020-01-17","Central","THEFT-GRAND ($950.01 & OVER)EXCPT,GUNS,FOWL,LIVESTK,PROD","51","F","H","1972"
"539","2020-01-18","2020-01-18","Central","BATTERY - SIMPLE ASSAULT","60","F","B","1963"
"540","2022-01-21","2022-01-21","Central","VANDALISM - MISDEAMEANOR ($399 OR UNDER)","28","F","H","1995"
"541","2020-01-18","2020-01-18","Central","SHOPLIFTING - PETTY THEFT ($950 & UNDER)","23","M","H","2000"
"542","2020-01-18","2020-01-18","Central","BOMB SCARE","24","M","W","1999"
"543","2020-09-20","2020-09-20","Central","ASSAULT WITH DEADLY WEAPON, AGGRAVATED ASSAULT","39","M","W","1984"
"544","2020-07-29","2020-07-29","Central","ASSAULT WITH DEADLY WEAPON, AGGRAVATED ASSAULT","33","M","H","1990"
"545","2020-01-19","2020-01-19","Central","BURGLARY FROM VEHICLE","28","M","B","1995"
"546","2020-01-19","2020-01-19","Central","BIKE - STOLEN","14","M","H","2009"
"547","2020-01-19","2020-01-19","Harbor","DISTURBING THE PEACE","38","M","W","1985"
"548","2020-01-19","2020-01-19","Southwest","THEFT-GRAND ($950.01 & OVER)EXCPT,GUNS,FOWL,LIVESTK,PROD","32","M","B","1991"
"549","2020-01-18","2020-01-18","Central","VANDALISM - MISDEAMEANOR ($399 OR UNDER)","33","M","H","1990"
"550","2020-01-19","2020-01-19","Central","INTIMATE PARTNER - SIMPLE ASSAULT","25","F","O","1998"
"551","2020-01-19","2020-01-19","Central","ASSAULT WITH DEADLY WEAPON, AGGRAVATED ASSAULT","57","F","W","1966"
"552","2020-01-19","2020-01-19","Central","INTIMATE PARTNER - SIMPLE ASSAULT","26","F","H","1997"
"553","2020-01-19","2020-01-19","Central","VANDALISM - FELONY ($400 & OVER, ALL CHURCH VANDALISMS)","31","M","H","1992"
"554","2020-01-19","2020-01-19","Central","ROBBERY","37","M","B","1986"
"555","2020-01-19","2020-01-19","Central","THEFT PLAIN - PETTY ($950 & UNDER)","33","F","H","1990"
"556","2020-01-19","2020-01-19","Wilshire","THEFT-GRAND ($950.01 & OVER)EXCPT,GUNS,FOWL,LIVESTK,PROD","57","F","B","1966"
"557","2020-01-19","2020-01-19","Van Nuys","INTIMATE PARTNER - SIMPLE ASSAULT","23","M","B","2000"
"558","2020-01-19","2020-01-19","Central","BATTERY - SIMPLE ASSAULT","33","F","H","1990"
"559","2020-01-19","2020-01-19","Wilshire","THEFT FROM MOTOR VEHICLE - GRAND ($950.01 AND OVER)","70","F","W","1953"
"560","2020-01-19","2020-01-19","Newton","THREATENING PHONE CALLS/LETTERS","27","F","W","1996"
"561","2020-03-29","2020-03-29","Newton","CRM AGNST CHLD (13 OR UNDER) (14-15 & SUSP 10 YRS OLDER)","9","F","H","2014"
"562","2020-01-19","2020-01-19","Central","BATTERY - SIMPLE ASSAULT","30","M","W","1993"
"563","2020-01-19","2020-01-19","Central","BATTERY - SIMPLE ASSAULT","30","M","W","1993"
"564","2020-05-05","2020-05-05","Van Nuys","THEFT FROM MOTOR VEHICLE - GRAND ($950.01 AND OVER)","36","M","W","1987"
"565","2020-01-19","2020-01-19","Central","BATTERY - SIMPLE ASSAULT","27","M","H","1996"
"566","2020-01-19","2020-01-19","Central","THEFT PLAIN - PETTY ($950 & UNDER)","39","F","B","1984"
"567","2020-01-19","2020-01-19","Central","BATTERY - SIMPLE ASSAULT","48","F","H","1975"
"568","2020-01-19","2020-01-19","Central","BATTERY WITH SEXUAL CONTACT","39","F","W","1984"
"569","2020-01-19","2020-01-19","Central","ATTEMPTED ROBBERY","31","M","H","1992"
"570","2020-01-19","2020-01-19","Central","BURGLARY FROM VEHICLE","34","F","B","1989"
"571","2020-01-19","2020-01-19","Central","THEFT-GRAND ($950.01 & OVER)EXCPT,GUNS,FOWL,LIVESTK,PROD","29","M","H","1994"
"572","2020-01-19","2020-01-19","Central","BURGLARY","30","F","O","1993"
"573","2020-01-19","2020-01-19","Central","THEFT PLAIN - PETTY ($950 & UNDER)","38","M","H","1985"
"574","2020-06-25","2020-06-25","Central","BURGLARY FROM VEHICLE","21","M","W","2002"
"575","2020-01-19","2020-01-19","Central","THEFT-GRAND ($950.01 & OVER)EXCPT,GUNS,FOWL,LIVESTK,PROD","60","M","B","1963"
"576","2020-01-19","2020-01-19","Central","ROBBERY","58","M","B","1965"
"577","2020-01-19","2020-01-19","Central","THEFT-GRAND ($950.01 & OVER)EXCPT,GUNS,FOWL,LIVESTK,PROD","36","M","W","1987"
"578","2020-01-20","2020-01-20","Central","THEFT PLAIN - PETTY ($950 & UNDER)","34","M","W","1989"
"579","2020-01-20","2020-01-20","Central","BURGLARY FROM VEHICLE","48","F","H","1975"
"580","2020-11-07","2020-11-07","Central","BURGLARY FROM VEHICLE","27","F","B","1996"
"581","2020-09-14","2020-09-14","West Valley","BATTERY - SIMPLE ASSAULT","34","F","H","1989"
"582","2020-01-20","2020-01-20","Central","BATTERY WITH SEXUAL CONTACT","24","F","A","1999"
"583","2020-01-20","2020-01-20","Central","BATTERY WITH SEXUAL CONTACT","51","F","W","1972"
"584","2020-01-20","2020-01-20","Central","BATTERY WITH SEXUAL CONTACT","27","F","W","1996"
"585","2020-01-20","2020-01-20","Central","BATTERY WITH SEXUAL CONTACT","34","F","W","1989"
"586","2020-01-20","2020-01-20","Central","THEFT, PERSON","29","F","B","1994"
"587","2020-01-20","2020-01-20","Central","BRANDISH WEAPON","52","M","W","1971"
"588","2020-01-20","2020-01-20","Central","BIKE - STOLEN","52","M","W","1971"
"589","2022-02-03","2022-02-03","Central","ROBBERY","37","M","H","1986"
"590","2020-08-30","2020-08-30","Central","BATTERY - SIMPLE ASSAULT","43","F","H","1980"
"591","2021-12-16","2021-12-16","Central","KIDNAPPING","31","M","H","1992"
"592","2020-01-20","2020-01-20","Central","THEFT FROM MOTOR VEHICLE - PETTY ($950 & UNDER)","52","M","B","1971"
"593","2020-09-20","2020-09-20","Central","ROBBERY","55","M","A","1968"
"594","2020-01-20","2020-01-20","Central","BURGLARY FROM VEHICLE","50","M","H","1973"
"595","2021-08-02","2021-08-02","Central","THEFT PLAIN - PETTY ($950 & UNDER)","61","M","H","1962"
"596","2020-10-28","2020-10-28","Central","BATTERY - SIMPLE ASSAULT","26","M","O","1997"
"597","2020-01-20","2020-01-20","Central","BATTERY - SIMPLE ASSAULT","60","M","W","1963"
"598","2020-01-20","2020-01-20","Central","THEFT PLAIN - PETTY ($950 & UNDER)","62","F","H","1961"
"599","2020-07-02","2020-07-02","Central","THEFT PLAIN - PETTY ($950 & UNDER)","24","F","W","1999"
"600","2020-01-20","2020-01-20","Central","SHOPLIFTING-GRAND THEFT ($950.01 & OVER)","34","M","O","1989"
"601","2020-01-20","2020-01-20","Central","THEFT FROM MOTOR VEHICLE - PETTY ($950 & UNDER)","56","M","H","1967"
"602","2020-01-01","2020-01-01","Central","INTIMATE PARTNER - SIMPLE ASSAULT","34","M","B","1989"
"603","2020-01-21","2020-01-21","Central","VIOLATION OF COURT ORDER","48","F","B","1975"
"604","2020-01-21","2020-01-21","Central","BURGLARY FROM VEHICLE","29","F","B","1994"
"605","2020-01-20","2020-01-20","Central","VANDALISM - FELONY ($400 & OVER, ALL CHURCH VANDALISMS)","27","M","W","1996"
"606","2020-01-20","2020-01-20","Devonshire","LETTERS, LEWD  -  TELEPHONE CALLS, LEWD","33","F","W","1990"
"607","2020-01-21","2020-01-21","Southwest","LEWD/LASCIVIOUS ACTS WITH CHILD","15","F","H","2008"
"608","2020-01-20","2020-01-20","Van Nuys","LETTERS, LEWD  -  TELEPHONE CALLS, LEWD","34","F","W","1989"
"609","2020-01-21","2020-01-21","77th Street","ATTEMPTED ROBBERY","61","F","H","1962"
"610","2020-01-21","2020-01-21","Central","BATTERY - SIMPLE ASSAULT","31","M","H","1992"
"611","2020-01-18","2020-01-18","Central","BATTERY - SIMPLE ASSAULT","35","M","B","1988"
"612","2020-01-21","2020-01-21","Central","BATTERY - SIMPLE ASSAULT","31","F","H","1992"
"613","2020-01-21","2020-01-21","Central","BURGLARY FROM VEHICLE","28","F","W","1995"
"614","2020-01-13","2020-01-13","Central","BATTERY POLICE (SIMPLE)","48","M","H","1975"
"615","2020-01-20","2020-01-20","Central","BURGLARY FROM VEHICLE","25","M","H","1998"
"616","2020-01-19","2020-01-19","Central","THEFT FROM MOTOR VEHICLE - PETTY ($950 & UNDER)","54","M","H","1969"
"617","2020-01-21","2020-01-21","Central","THEFT FROM MOTOR VEHICLE - PETTY ($950 & UNDER)","37","F","H","1986"
"618","2020-03-18","2020-03-18","Central","THEFT-GRAND ($950.01 & OVER)EXCPT,GUNS,FOWL,LIVESTK,PROD","21","M","H","2002"
"619","2022-01-19","2022-01-19","Central","CRIMINAL THREATS - NO WEAPON DISPLAYED","28","F","B","1995"
"620","2020-01-21","2020-01-21","Central","ROBBERY","46","F","O","1977"
"621","2020-01-21","2020-01-21","Central","ROBBERY","23","F","W","2000"
"622","2020-01-21","2020-01-21","Central","ARSON","54","F","W","1969"
"623","2020-01-21","2020-01-21","Central","ASSAULT WITH DEADLY WEAPON, AGGRAVATED ASSAULT","52","M","W","1971"
"624","2020-01-21","2020-01-21","Central","LEWD CONDUCT","34","F","B","1989"
"625","2020-01-21","2020-01-21","Central","SHOPLIFTING - PETTY THEFT ($950 & UNDER)","35","M","B","1988"
"626","2020-01-21","2020-01-21","Central","BURGLARY FROM VEHICLE","37","M","A","1986"
"627","2020-01-21","2020-01-21","Van Nuys","THEFT PLAIN - PETTY ($950 & UNDER)","35","F","W","1988"
"628","2020-01-21","2020-01-21","Rampart","CRM AGNST CHLD (13 OR UNDER) (14-15 & SUSP 10 YRS OLDER)","9","F","H","2014"
"629","2020-01-21","2020-01-21","Central","BIKE - STOLEN","64","M","W","1959"
"630","2020-01-21","2020-01-21","Central","BURGLARY FROM VEHICLE","43","F","F","1980"
"631","2020-01-22","2020-01-22","Central","BATTERY - SIMPLE ASSAULT","29","M","H","1994"
"632","2020-01-22","2020-01-22","Harbor","CRIMINAL THREATS - NO WEAPON DISPLAYED","40","M","H","1983"
"633","2020-01-21","2020-01-21","Central","THEFT PLAIN - PETTY ($950 & UNDER)","44","F","H","1979"
"634","2020-01-21","2020-01-21","Central","THEFT PLAIN - PETTY ($950 & UNDER)","38","F","H","1985"
"635","2020-05-04","2020-05-04","Central","BATTERY WITH SEXUAL CONTACT","32","F","B","1991"
"636","2020-01-21","2020-01-21","Harbor","INTIMATE PARTNER - AGGRAVATED ASSAULT","53","F","W","1970"
"637","2020-01-21","2020-01-21","Central","OTHER MISCELLANEOUS CRIME","40","M","H","1983"
"638","2020-01-21","2020-01-21","Central","BURGLARY FROM VEHICLE","23","F","H","2000"
"639","2020-01-21","2020-01-21","Central","BURGLARY","25","M","W","1998"
"640","2020-01-22","2020-01-22","Central","BATTERY - SIMPLE ASSAULT","58","F","H","1965"
"641","2020-03-19","2020-03-19","77th Street","THEFT PLAIN - PETTY ($950 & UNDER)","68","M","H","1955"
"642","2020-01-20","2020-01-20","Central","VANDALISM - FELONY ($400 & OVER, ALL CHURCH VANDALISMS)","45","M","W","1978"
"643","2020-01-22","2020-01-22","Central","BURGLARY","30","F","O","1993"
"644","2020-01-22","2020-01-22","Central","BATTERY - SIMPLE ASSAULT","65","F","B","1958"
"645","2020-04-18","2020-04-18","West Valley","THEFT FROM MOTOR VEHICLE - PETTY ($950 & UNDER)","38","M","O","1985"
"646","2020-09-24","2020-09-24","Central","THEFT PLAIN - PETTY ($950 & UNDER)","29","M","H","1994"
"647","2020-02-24","2020-02-24","Central","SHOPLIFTING-GRAND THEFT ($950.01 & OVER)","26","M","H","1997"
"648","2021-12-19","2021-12-19","Central","SEXUAL PENETRATION W/FOREIGN OBJECT","55","F","H","1968"
"649","2020-01-22","2020-01-22","Central","BATTERY - SIMPLE ASSAULT","52","F","W","1971"
"650","2020-01-22","2020-01-22","Central","BURGLARY","60","M","A","1963"
"651","2020-01-22","2020-01-22","Central","ROBBERY","33","M","H","1990"
"652","2020-01-22","2020-01-22","Central","THEFT, PERSON","38","F","W","1985"
"653","2020-01-22","2020-01-22","West Valley","SEX OFFENDER REGISTRANT OUT OF COMPLIANCE","46","M","H","1977"
"654","2020-01-21","2020-01-21","Central","BURGLARY FROM VEHICLE","63","F","W","1960"
"655","2020-01-22","2020-01-22","Central","BATTERY - SIMPLE ASSAULT","34","M","H","1989"
"656","2020-01-21","2020-01-21","Hollywood","THEFT OF IDENTITY","28","M","H","1995"
"657","2020-01-22","2020-01-22","Northeast","UNAUTHORIZED COMPUTER ACCESS","40","F","H","1983"
"658","2020-01-22","2020-01-22","Central","INTIMATE PARTNER - SIMPLE ASSAULT","29","M","B","1994"
"659","2020-01-23","2020-01-23","Central","BURGLARY FROM VEHICLE","36","M","W","1987"
"660","2020-01-22","2020-01-22","West LA","BIKE - STOLEN","35","M","W","1988"
"661","2020-01-09","2020-01-09","Central","VANDALISM - FELONY ($400 & OVER, ALL CHURCH VANDALISMS)","52","F","H","1971"
"662","2020-02-02","2020-02-02","Central","INTIMATE PARTNER - SIMPLE ASSAULT","48","M","H","1975"
"663","2020-01-23","2020-01-23","Central","OTHER ASSAULT","35","M","H","1988"
"664","2020-01-22","2020-01-22","Central","INTIMATE PARTNER - SIMPLE ASSAULT","53","F","B","1970"
"665","2020-10-14","2020-10-14","Central","THEFT PLAIN - PETTY ($950 & UNDER)","32","M","B","1991"
"666","2020-01-22","2020-01-22","Hollywood","THEFT FROM MOTOR VEHICLE - PETTY ($950 & UNDER)","26","F","O","1997"
"667","2020-01-21","2020-01-21","Pacific","RAPE, FORCIBLE","20","F","W","2003"
"668","2020-01-23","2020-01-23","Central","BATTERY WITH SEXUAL CONTACT","34","F","H","1989"
"669","2020-01-23","2020-01-23","Central","BATTERY WITH SEXUAL CONTACT","39","F","H","1984"
"670","2020-01-22","2020-01-22","Central","ASSAULT WITH DEADLY WEAPON, AGGRAVATED ASSAULT","55","M","W","1968"
"671","2020-06-15","2020-06-15","Central","BATTERY - SIMPLE ASSAULT","49","M","A","1974"
"672","2021-03-01","2021-03-01","Central","VANDALISM - MISDEAMEANOR ($399 OR UNDER)","49","M","W","1974"
"673","2020-01-22","2020-01-22","Van Nuys","LETTERS, LEWD  -  TELEPHONE CALLS, LEWD","23","M","H","2000"
"674","2020-01-22","2020-01-22","Central","PURSE SNATCHING","26","F","O","1997"
"675","2020-01-23","2020-01-23","Central","VANDALISM - MISDEAMEANOR ($399 OR UNDER)","49","F","W","1974"
"676","2020-12-16","2020-12-16","Hollenbeck","INTIMATE PARTNER - AGGRAVATED ASSAULT","37","M","H","1986"
"677","2020-01-23","2020-01-23","Central","BATTERY WITH SEXUAL CONTACT","59","F","H","1964"
"678","2020-01-23","2020-01-23","Central","BIKE - STOLEN","57","F","O","1966"
"679","2020-01-23","2020-01-23","Central","THEFT PLAIN - PETTY ($950 & UNDER)","81","F","H","1942"
"680","2020-02-27","2020-02-27","Central","THEFT PLAIN - PETTY ($950 & UNDER)","28","F","H","1995"
"681","2020-01-23","2020-01-23","Olympic","BURGLARY","41","F","B","1982"
"682","2020-01-23","2020-01-23","Van Nuys","BATTERY - SIMPLE ASSAULT","33","F","W","1990"
"683","2020-01-23","2020-01-23","Southwest","SHOPLIFTING-GRAND THEFT ($950.01 & OVER)","19","X","X","2004"
"684","2020-06-28","2020-06-28","Central","VANDALISM - FELONY ($400 & OVER, ALL CHURCH VANDALISMS)","37","F","W","1986"
"685","2020-01-23","2020-01-23","Central","THEFT-GRAND ($950.01 & OVER)EXCPT,GUNS,FOWL,LIVESTK,PROD","22","M","A","2001"
"686","2020-01-23","2020-01-23","Central","BURGLARY FROM VEHICLE","49","M","A","1974"
"687","2020-01-23","2020-01-23","Central","THEFT-GRAND ($950.01 & OVER)EXCPT,GUNS,FOWL,LIVESTK,PROD","49","M","W","1974"
"688","2020-01-23","2020-01-23","Central","ASSAULT WITH DEADLY WEAPON, AGGRAVATED ASSAULT","19","M","B","2004"
"689","2021-01-01","2021-01-01","Central","BURGLARY FROM VEHICLE","23","F","W","2000"
"690","2020-01-21","2020-01-21","Central","INTIMATE PARTNER - SIMPLE ASSAULT","35","M","H","1988"
"691","2020-01-23","2020-01-23","Central","BURGLARY FROM VEHICLE","32","F","B","1991"
"692","2020-12-10","2020-12-10","Central","BIKE - STOLEN","32","M","A","1991"
"693","2020-01-23","2020-01-23","Pacific","THEFT FROM MOTOR VEHICLE - GRAND ($950.01 AND OVER)","50","M","W","1973"
"694","2020-01-22","2020-01-22","Hollywood","BATTERY - SIMPLE ASSAULT","19","F","B","2004"
"695","2020-12-07","2020-12-07","Central","BURGLARY FROM VEHICLE","38","F","B","1985"
"696","2020-01-24","2020-01-24","Central","BRANDISH WEAPON","23","F","B","2000"
"697","2020-01-23","2020-01-23","Central","SODOMY/SEXUAL CONTACT B/W PENIS OF ONE PERS TO ANUS OTH","56","F","B","1967"
"698","2020-09-03","2020-09-03","Central","THEFT-GRAND ($950.01 & OVER)EXCPT,GUNS,FOWL,LIVESTK,PROD","35","M","B","1988"
"699","2020-01-23","2020-01-23","Central","ROBBERY","36","M","H","1987"
"700","2020-01-23","2020-01-23","Central","BURGLARY FROM VEHICLE","32","M","W","1991"
"701","2022-08-18","2022-08-18","Central","THEFT PLAIN - PETTY ($950 & UNDER)","48","M","B","1975"
"702","2020-05-15","2020-05-15","Central","VIOLATION OF COURT ORDER","50","M","W","1973"
"703","2020-01-24","2020-01-24","Central","BURGLARY","65","M","B","1958"
"704","2020-01-24","2020-01-24","Central","LEWD CONDUCT","53","F","H","1970"
"705","2020-02-27","2020-02-27","Central","BURGLARY FROM VEHICLE","79","M","H","1944"
"706","2020-01-24","2020-01-24","Central","SHOPLIFTING - PETTY THEFT ($950 & UNDER)","52","M","B","1971"
"707","2020-01-24","2020-01-24","Wilshire","EMBEZZLEMENT, GRAND THEFT ($950.01 & OVER)","38","M","O","1985"
"708","2020-01-23","2020-01-23","Central","SHOPLIFTING - PETTY THEFT ($950 & UNDER)","23","M","H","2000"
"709","2020-01-24","2020-01-24","Central","SHOPLIFTING - PETTY THEFT ($950 & UNDER)","20","F","H","2003"
"710","2020-01-24","2020-01-24","Central","ROBBERY","50","M","B","1973"
"711","2020-04-16","2020-04-16","Central","ROBBERY","32","M","B","1991"
"712","2021-07-29","2021-07-29","Central","THEFT PLAIN - PETTY ($950 & UNDER)","27","F","B","1996"
"713","2020-01-24","2020-01-24","Central","VANDALISM - MISDEAMEANOR ($399 OR UNDER)","26","M","B","1997"
"714","2020-01-24","2020-01-24","Central","VANDALISM - FELONY ($400 & OVER, ALL CHURCH VANDALISMS)","44","F","H","1979"
"715","2020-01-09","2020-01-09","Central","THEFT-GRAND ($950.01 & OVER)EXCPT,GUNS,FOWL,LIVESTK,PROD","29","M","O","1994"
"716","2020-01-24","2020-01-24","Central","BURGLARY FROM VEHICLE","28","F","H","1995"
"717","2020-01-24","2020-01-24","Central","BURGLARY FROM VEHICLE","25","F","H","1998"
"718","2020-01-24","2020-01-24","Central","VANDALISM - FELONY ($400 & OVER, ALL CHURCH VANDALISMS)","19","M","W","2004"
"719","2021-12-17","2021-12-17","Central","ROBBERY","25","M","W","1998"
"720","2020-01-24","2020-01-24","Southwest","VANDALISM - FELONY ($400 & OVER, ALL CHURCH VANDALISMS)","19","X","X","2004"
"721","2020-01-24","2020-01-24","Central","BATTERY - SIMPLE ASSAULT","37","F","B","1986"
"722","2020-04-17","2020-04-17","Central","ASSAULT WITH DEADLY WEAPON, AGGRAVATED ASSAULT","37","M","H","1986"
"723","2020-01-24","2020-01-24","Central","BATTERY - SIMPLE ASSAULT","47","M","B","1976"
"724","2021-12-15","2021-12-15","Central","BRANDISH WEAPON","36","M","A","1987"
"725","2020-01-24","2020-01-24","Central","BATTERY - SIMPLE ASSAULT","26","F","H","1997"
"726","2020-01-24","2020-01-24","Central","BATTERY - SIMPLE ASSAULT","23","F","H","2000"
"727","2020-01-24","2020-01-24","Central","BATTERY - SIMPLE ASSAULT","22","F","H","2001"
"728","2021-12-15","2021-12-15","Central","BATTERY - SIMPLE ASSAULT","23","F","H","2000"
"729","2020-11-20","2020-11-20","Central","THEFT PLAIN - PETTY ($950 & UNDER)","42","M","B","1981"
"730","2020-08-10","2020-08-10","Central","BATTERY - SIMPLE ASSAULT","57","M","H","1966"
"731","2020-01-24","2020-01-24","Central","BATTERY - SIMPLE ASSAULT","50","F","B","1973"
"732","2020-01-24","2020-01-24","Central","BURGLARY FROM VEHICLE","55","M","W","1968"
"733","2020-01-24","2020-01-24","Central","BURGLARY FROM VEHICLE","62","F","W","1961"
"734","2020-01-24","2020-01-24","Central","CRIMINAL THREATS - NO WEAPON DISPLAYED","44","M","H","1979"
"735","2020-01-25","2020-01-25","Central","THEFT OF IDENTITY","36","M","W","1987"
"736","2020-01-25","2020-01-25","Rampart","ROBBERY","62","M","H","1961"
"737","2020-01-25","2020-01-25","Central","ASSAULT WITH DEADLY WEAPON, AGGRAVATED ASSAULT","34","M","H","1989"
"738","2020-01-05","2020-01-05","Central","BATTERY - SIMPLE ASSAULT","34","M","B","1989"
"739","2020-01-24","2020-01-24","Central","RAPE, FORCIBLE","25","F","W","1998"
"740","2020-05-27","2020-05-27","Central","CRIMINAL THREATS - NO WEAPON DISPLAYED","41","M","W","1982"
"741","2020-01-14","2020-01-14","Central","VANDALISM - FELONY ($400 & OVER, ALL CHURCH VANDALISMS)","27","F","B","1996"
"742","2020-08-06","2020-08-06","Central","BATTERY - SIMPLE ASSAULT","28","M","H","1995"
"743","2020-01-25","2020-01-25","Central","BATTERY - SIMPLE ASSAULT","45","M","W","1978"
"744","2020-01-25","2020-01-25","Central","ROBBERY","62","M","H","1961"
"745","2020-01-24","2020-01-24","Central","BATTERY - SIMPLE ASSAULT","49","M","H","1974"
"746","2020-01-25","2020-01-25","Central","BIKE - STOLEN","27","F","H","1996"
"747","2020-01-25","2020-01-25","Central","BURGLARY","51","M","A","1972"
"748","2020-01-25","2020-01-25","Central","SHOPLIFTING - PETTY THEFT ($950 & UNDER)","35","M","B","1988"
"749","2020-01-25","2020-01-25","Central","ASSAULT WITH DEADLY WEAPON, AGGRAVATED ASSAULT","31","M","H","1992"
"750","2020-01-25","2020-01-25","Central","SHOPLIFTING - PETTY THEFT ($950 & UNDER)","35","M","B","1988"
"751","2020-01-25","2020-01-25","Central","BATTERY WITH SEXUAL CONTACT","24","F","C","1999"
"752","2020-01-24","2020-01-24","Central","THEFT-GRAND ($950.01 & OVER)EXCPT,GUNS,FOWL,LIVESTK,PROD","44","M","W","1979"
"753","2020-01-25","2020-01-25","Central","VANDALISM - MISDEAMEANOR ($399 OR UNDER)","55","M","B","1968"
"754","2020-01-25","2020-01-25","Central","BURGLARY FROM VEHICLE","27","M","O","1996"
"755","2020-01-25","2020-01-25","Central","BATTERY - SIMPLE ASSAULT","32","M","H","1991"
"756","2020-01-25","2020-01-25","Harbor","BURGLARY FROM VEHICLE","48","M","W","1975"
"757","2021-12-13","2021-12-13","Central","BATTERY - SIMPLE ASSAULT","39","F","B","1984"
"758","2020-01-25","2020-01-25","Central","CRIMINAL THREATS - NO WEAPON DISPLAYED","35","M","B","1988"
"759","2020-01-25","2020-01-25","Central","CRIMINAL THREATS - NO WEAPON DISPLAYED","26","F","H","1997"
"760","2020-01-25","2020-01-25","Central","SHOPLIFTING - PETTY THEFT ($950 & UNDER)","35","M","B","1988"
"761","2020-01-25","2020-01-25","Central","SHOPLIFTING - PETTY THEFT ($950 & UNDER)","20","F","H","2003"
"762","2020-01-25","2020-01-25","Central","ASSAULT WITH DEADLY WEAPON, AGGRAVATED ASSAULT","67","M","B","1956"
"763","2020-01-25","2020-01-25","Topanga","RAPE, FORCIBLE","34","F","B","1989"
"764","2020-01-25","2020-01-25","Central","BURGLARY FROM VEHICLE","27","M","F","1996"
"765","2020-01-25","2020-01-25","Central","THEFT-GRAND ($950.01 & OVER)EXCPT,GUNS,FOWL,LIVESTK,PROD","26","M","C","1997"
"766","2020-01-25","2020-01-25","Central","THEFT-GRAND ($950.01 & OVER)EXCPT,GUNS,FOWL,LIVESTK,PROD","23","F","H","2000"
"767","2020-01-26","2020-01-26","Central","THEFT-GRAND ($950.01 & OVER)EXCPT,GUNS,FOWL,LIVESTK,PROD","37","M","W","1986"
"768","2020-01-26","2020-01-26","Central","BURGLARY FROM VEHICLE","31","F","W","1992"
"769","2020-03-24","2020-03-24","Central","BURGLARY FROM VEHICLE","37","M","H","1986"
"770","2020-01-25","2020-01-25","Central","BIKE - STOLEN","31","F","W","1992"
"771","2020-01-25","2020-01-25","Central","THEFT PLAIN - PETTY ($950 & UNDER)","30","M","H","1993"
"772","2020-01-26","2020-01-26","Central","THEFT PLAIN - PETTY ($950 & UNDER)","24","F","H","1999"
"773","2020-01-26","2020-01-26","Central","VANDALISM - FELONY ($400 & OVER, ALL CHURCH VANDALISMS)","25","M","H","1998"
"774","2020-01-26","2020-01-26","Central","THEFT PLAIN - PETTY ($950 & UNDER)","38","M","F","1985"
"775","2020-01-26","2020-01-26","Central","TRESPASSING","31","M","W","1992"
"776","2020-01-26","2020-01-26","Central","INTIMATE PARTNER - SIMPLE ASSAULT","21","F","H","2002"
"777","2020-01-26","2020-01-26","Central","BURGLARY FROM VEHICLE","22","F","W","2001"
"778","2020-01-26","2020-01-26","Central","BUNCO, PETTY THEFT","26","F","A","1997"
"779","2020-01-26","2020-01-26","Central","BUNCO, GRAND THEFT","21","F","H","2002"
"780","2020-01-25","2020-01-25","Central","THEFT-GRAND ($950.01 & OVER)EXCPT,GUNS,FOWL,LIVESTK,PROD","33","M","H","1990"
"781","2020-01-26","2020-01-26","Central","VIOLATION OF RESTRAINING ORDER","50","M","W","1973"
"782","2020-01-26","2020-01-26","Central","SHOPLIFTING - PETTY THEFT ($950 & UNDER)","52","F","A","1971"
"783","2020-01-26","2020-01-26","Central","INTIMATE PARTNER - AGGRAVATED ASSAULT","29","F","B","1994"
"784","2020-01-26","2020-01-26","Central","BATTERY - SIMPLE ASSAULT","68","F","H","1955"
"785","2020-01-25","2020-01-25","Harbor","BATTERY - SIMPLE ASSAULT","41","M","H","1982"
"786","2022-03-21","2022-03-21","Central","THEFT PLAIN - PETTY ($950 & UNDER)","51","F","B","1972"
"787","2020-01-26","2020-01-26","Hollywood","VIOLATION OF COURT ORDER","54","M","W","1969"
"788","2020-01-27","2020-01-27","Northeast","BURGLARY FROM VEHICLE","36","M","W","1987"
"789","2020-01-27","2020-01-27","Central","BATTERY - SIMPLE ASSAULT","25","M","W","1998"
"790","2020-01-26","2020-01-26","Rampart","CRM AGNST CHLD (13 OR UNDER) (14-15 & SUSP 10 YRS OLDER)","14","F","H","2009"
"791","2020-01-26","2020-01-26","Central","SHOPLIFTING - PETTY THEFT ($950 & UNDER)","23","M","H","2000"
"792","2020-01-26","2020-01-26","Central","BATTERY - SIMPLE ASSAULT","32","F","H","1991"
"793","2020-01-26","2020-01-26","Central","BATTERY - SIMPLE ASSAULT","28","M","H","1995"
"794","2020-01-26","2020-01-26","Central","BURGLARY FROM VEHICLE","28","M","A","1995"
"795","2020-01-26","2020-01-26","Rampart","VANDALISM - FELONY ($400 & OVER, ALL CHURCH VANDALISMS)","22","F","H","2001"
"796","2020-01-26","2020-01-26","Central","CRIMINAL THREATS - NO WEAPON DISPLAYED","14","M","H","2009"
"797","2020-01-26","2020-01-26","Central","ROBBERY","54","F","A","1969"
"798","2020-01-26","2020-01-26","Central","THEFT, PERSON","35","M","B","1988"
"799","2020-01-26","2020-01-26","Central","OTHER ASSAULT","27","M","W","1996"
"800","2020-01-26","2020-01-26","Central","THEFT, PERSON","53","M","O","1970"
"801","2020-01-26","2020-01-26","Central","VANDALISM - MISDEAMEANOR ($399 OR UNDER)","23","M","B","2000"
"802","2020-01-26","2020-01-26","Central","THEFT PLAIN - PETTY ($950 & UNDER)","68","M","H","1955"
"803","2020-01-27","2020-01-27","Central","THEFT-GRAND ($950.01 & OVER)EXCPT,GUNS,FOWL,LIVESTK,PROD","41","F","W","1982"
"804","2020-01-26","2020-01-26","Central","THEFT PLAIN - PETTY ($950 & UNDER)","45","M","W","1978"
"805","2020-04-09","2020-04-09","Central","VANDALISM - FELONY ($400 & OVER, ALL CHURCH VANDALISMS)","33","M","W","1990"
"806","2020-01-26","2020-01-26","Central","LETTERS, LEWD  -  TELEPHONE CALLS, LEWD","31","M","W","1992"
"807","2020-01-26","2020-01-26","Hollenbeck","BURGLARY FROM VEHICLE","27","M","O","1996"
"808","2020-01-26","2020-01-26","Central","THEFT-GRAND ($950.01 & OVER)EXCPT,GUNS,FOWL,LIVESTK,PROD","28","M","A","1995"
"809","2020-01-26","2020-01-26","Rampart","INTIMATE PARTNER - SIMPLE ASSAULT","30","F","H","1993"
"810","2021-10-07","2021-10-07","Central","TRESPASSING","37","M","H","1986"
"811","2020-01-18","2020-01-18","Central","BATTERY - SIMPLE ASSAULT","63","F","O","1960"
"812","2020-01-24","2020-01-24","Central","THEFT-GRAND ($950.01 & OVER)EXCPT,GUNS,FOWL,LIVESTK,PROD","48","M","O","1975"
"813","2020-01-25","2020-01-25","Central","BURGLARY FROM VEHICLE","61","M","W","1962"
"814","2020-01-26","2020-01-26","Central","BURGLARY FROM VEHICLE","72","M","H","1951"
"815","2020-01-26","2020-01-26","Central","BATTERY - SIMPLE ASSAULT","23","F","H","2000"
"816","2020-01-26","2020-01-26","Central","SHOPLIFTING - PETTY THEFT ($950 & UNDER)","41","M","W","1982"
"817","2020-01-26","2020-01-26","Harbor","ASSAULT WITH DEADLY WEAPON, AGGRAVATED ASSAULT","60","F","B","1963"
"818","2020-01-26","2020-01-26","Central","BATTERY - SIMPLE ASSAULT","73","M","H","1950"
"819","2020-01-27","2020-01-27","Hollenbeck","OTHER MISCELLANEOUS CRIME","24","M","H","1999"
"820","2020-01-26","2020-01-26","Central","BURGLARY FROM VEHICLE","21","F","H","2002"
"821","2020-01-27","2020-01-27","Central","BURGLARY FROM VEHICLE","30","M","O","1993"
"822","2020-01-25","2020-01-25","Central","BURGLARY FROM VEHICLE","37","M","H","1986"
"823","2020-01-26","2020-01-26","Central","CRIMINAL THREATS - NO WEAPON DISPLAYED","30","F","H","1993"
"824","2020-01-27","2020-01-27","Foothill","THEFT, PERSON","76","F","H","1947"
"825","2020-01-27","2020-01-27","Hollywood","CRIMINAL THREATS - NO WEAPON DISPLAYED","38","F","H","1985"
"826","2020-01-26","2020-01-26","Central","ROBBERY","57","M","W","1966"
"827","2020-01-27","2020-01-27","Central","ASSAULT WITH DEADLY WEAPON, AGGRAVATED ASSAULT","32","M","W","1991"
"828","2020-01-27","2020-01-27","Central","LETTERS, LEWD  -  TELEPHONE CALLS, LEWD","64","F","O","1959"
"829","2020-01-27","2020-01-27","Central","INTIMATE PARTNER - AGGRAVATED ASSAULT","25","F","H","1998"
"830","2020-01-27","2020-01-27","Central","BATTERY - SIMPLE ASSAULT","50","M","H","1973"
"831","2020-05-22","2020-05-22","West LA","DOCUMENT FORGERY / STOLEN FELONY","55","F","W","1968"
"832","2020-01-27","2020-01-27","Harbor","CRIMINAL THREATS - NO WEAPON DISPLAYED","33","F","H","1990"
"833","2020-11-29","2020-11-29","Northeast","THEFT OF IDENTITY","48","M","H","1975"
"834","2020-01-27","2020-01-27","Central","VIOLATION OF COURT ORDER","48","M","F","1975"
"835","2020-01-18","2020-01-18","Central","SHOPLIFTING - PETTY THEFT ($950 & UNDER)","33","M","H","1990"
"836","2020-01-28","2020-01-28","Central","ASSAULT WITH DEADLY WEAPON, AGGRAVATED ASSAULT","25","M","B","1998"
"837","2021-06-29","2021-06-29","Central","SHOPLIFTING - PETTY THEFT ($950 & UNDER)","23","M","H","2000"
"838","2020-01-27","2020-01-27","Central","ASSAULT WITH DEADLY WEAPON, AGGRAVATED ASSAULT","55","M","H","1968"
"839","2020-01-27","2020-01-27","Central","BATTERY - SIMPLE ASSAULT","38","M","H","1985"
"840","2020-01-26","2020-01-26","Central","BUNCO, GRAND THEFT","24","F","O","1999"
"841","2020-05-29","2020-05-29","Central","SHOPLIFTING - PETTY THEFT ($950 & UNDER)","23","M","H","2000"
"842","2020-01-26","2020-01-26","Central","ASSAULT WITH DEADLY WEAPON, AGGRAVATED ASSAULT","26","F","H","1997"
"843","2020-03-26","2020-03-26","Central","BURGLARY FROM VEHICLE","57","M","H","1966"
"844","2020-01-27","2020-01-27","Central","BATTERY - SIMPLE ASSAULT","23","F","W","2000"
"845","2020-01-28","2020-01-28","Central","BURGLARY FROM VEHICLE","34","M","W","1989"
"846","2020-01-28","2020-01-28","Central","ROBBERY","20","M","O","2003"
"847","2020-01-28","2020-01-28","Central","VIOLATION OF RESTRAINING ORDER","34","M","W","1989"
"848","2020-01-28","2020-01-28","West Valley","THEFT FROM MOTOR VEHICLE - PETTY ($950 & UNDER)","59","M","O","1964"
"849","2020-01-28","2020-01-28","Central","VIOLATION OF RESTRAINING ORDER","48","F","B","1975"
"850","2020-01-27","2020-01-27","77th Street","BATTERY - SIMPLE ASSAULT","30","F","H","1993"
"851","2020-01-27","2020-01-27","Central","THEFT PLAIN - PETTY ($950 & UNDER)","44","F","B","1979"
"852","2020-01-27","2020-01-27","Central","DOCUMENT FORGERY / STOLEN FELONY","61","F","B","1962"
"853","2020-01-28","2020-01-28","Central","BATTERY - SIMPLE ASSAULT","56","F","H","1967"
"854","2020-01-28","2020-01-28","Central","BIKE - STOLEN","57","M","H","1966"
"855","2020-01-28","2020-01-28","Central","BURGLARY","35","M","O","1988"
"856","2020-01-17","2020-01-17","Central","BIKE - STOLEN","35","M","W","1988"
"857","2020-12-31","2020-12-31","Central","ASSAULT WITH DEADLY WEAPON, AGGRAVATED ASSAULT","33","M","H","1990"
"858","2020-01-28","2020-01-28","Northeast","THEFT FROM MOTOR VEHICLE - GRAND ($950.01 AND OVER)","40","F","W","1983"
"859","2020-11-18","2020-11-18","Central","THEFT-GRAND ($950.01 & OVER)EXCPT,GUNS,FOWL,LIVESTK,PROD","26","F","B","1997"
"860","2020-01-28","2020-01-28","Central","BURGLARY FROM VEHICLE","53","M","W","1970"
"861","2020-01-28","2020-01-28","Central","THEFT-GRAND ($950.01 & OVER)EXCPT,GUNS,FOWL,LIVESTK,PROD","21","F","B","2002"
"862","2020-01-28","2020-01-28","Central","BURGLARY FROM VEHICLE","53","M","I","1970"
"863","2020-01-28","2020-01-28","Central","BURGLARY FROM VEHICLE","27","M","B","1996"
"864","2020-01-28","2020-01-28","Central","THEFT-GRAND ($950.01 & OVER)EXCPT,GUNS,FOWL,LIVESTK,PROD","25","M","W","1998"
"865","2020-01-28","2020-01-28","Central","INTIMATE PARTNER - SIMPLE ASSAULT","40","M","B","1983"
"866","2020-01-28","2020-01-28","Central","BURGLARY FROM VEHICLE","44","F","W","1979"
"867","2020-01-28","2020-01-28","Central","SHOPLIFTING-GRAND THEFT ($950.01 & OVER)","38","M","H","1985"
"868","2020-01-28","2020-01-28","Central","BATTERY - SIMPLE ASSAULT","46","F","B","1977"
"869","2020-07-20","2020-07-20","Central","ROBBERY","51","F","W","1972"
"870","2020-01-29","2020-01-29","Central","BURGLARY","32","M","H","1991"
"871","2020-06-21","2020-06-21","Central","ROBBERY","29","M","H","1994"
"872","2020-01-28","2020-01-28","Central","VANDALISM - MISDEAMEANOR ($399 OR UNDER)","56","M","B","1967"
"873","2020-11-30","2020-11-30","Central","BATTERY - SIMPLE ASSAULT","32","F","A","1991"
"874","2020-01-28","2020-01-28","West Valley","BRANDISH WEAPON","24","F","W","1999"
"875","2020-01-28","2020-01-28","Southwest","VANDALISM - FELONY ($400 & OVER, ALL CHURCH VANDALISMS)","63","M","B","1960"
"876","2020-10-20","2020-10-20","Central","BURGLARY FROM VEHICLE","32","F","O","1991"
"877","2020-02-29","2020-02-29","Central","THEFT PLAIN - PETTY ($950 & UNDER)","61","M","B","1962"
"878","2020-01-29","2020-01-29","Central","THEFT PLAIN - PETTY ($950 & UNDER)","53","M","H","1970"
"879","2020-01-28","2020-01-28","77th Street","ASSAULT WITH DEADLY WEAPON, AGGRAVATED ASSAULT","48","F","H","1975"
"880","2020-01-29","2020-01-29","Central","BATTERY - SIMPLE ASSAULT","35","F","H","1988"
"881","2020-01-28","2020-01-28","Central","THEFT-GRAND ($950.01 & OVER)EXCPT,GUNS,FOWL,LIVESTK,PROD","51","F","A","1972"
"882","2020-01-29","2020-01-29","Central","BURGLARY FROM VEHICLE","30","M","W","1993"
"883","2020-01-29","2020-01-29","Central","BURGLARY FROM VEHICLE","63","F","A","1960"
"884","2020-04-22","2020-04-22","Harbor","INTIMATE PARTNER - SIMPLE ASSAULT","29","F","W","1994"
"885","2020-01-29","2020-01-29","Central","OTHER ASSAULT","62","M","O","1961"
"886","2020-01-29","2020-01-29","Central","ASSAULT WITH DEADLY WEAPON, AGGRAVATED ASSAULT","21","F","H","2002"
"887","2020-01-29","2020-01-29","Central","ASSAULT WITH DEADLY WEAPON, AGGRAVATED ASSAULT","32","M","H","1991"
"888","2020-01-29","2020-01-29","Central","BURGLARY FROM VEHICLE","33","F","H","1990"
"889","2020-01-29","2020-01-29","77th Street","THEFT OF IDENTITY","24","M","H","1999"
"890","2020-01-29","2020-01-29","Newton","CHILD ANNOYING (17YRS & UNDER)","11","F","H","2012"
"891","2020-01-29","2020-01-29","Wilshire","BURGLARY","28","M","W","1995"
"892","2020-01-29","2020-01-29","Central","VANDALISM - MISDEAMEANOR ($399 OR UNDER)","25","M","O","1998"
"893","2020-01-30","2020-01-30","Central","THEFT PLAIN - PETTY ($950 & UNDER)","31","M","O","1992"
"894","2020-01-29","2020-01-29","Central","BURGLARY FROM VEHICLE","30","M","W","1993"
"895","2020-01-30","2020-01-30","Central","BURGLARY FROM VEHICLE","37","M","C","1986"
"896","2020-04-28","2020-04-28","Central","BATTERY - SIMPLE ASSAULT","67","M","B","1956"
"897","2020-01-30","2020-01-30","Central","THEFT PLAIN - PETTY ($950 & UNDER)","66","F","W","1957"
"898","2020-01-29","2020-01-29","Central","BURGLARY FROM VEHICLE","43","M","W","1980"
"899","2020-06-11","2020-06-11","Central","THEFT PLAIN - PETTY ($950 & UNDER)","54","F","H","1969"
"900","2020-01-29","2020-01-29","Central","ASSAULT WITH DEADLY WEAPON, AGGRAVATED ASSAULT","42","M","H","1981"
"901","2020-01-30","2020-01-30","77th Street","ASSAULT WITH DEADLY WEAPON, AGGRAVATED ASSAULT","29","M","H","1994"
"902","2020-01-29","2020-01-29","Hollenbeck","INTIMATE PARTNER - SIMPLE ASSAULT","19","F","H","2004"
"903","2020-01-29","2020-01-29","West LA","BURGLARY, ATTEMPTED","68","F","O","1955"
"904","2020-01-30","2020-01-30","Hollywood","BRANDISH WEAPON","38","F","B","1985"
"905","2020-01-28","2020-01-28","Northeast","VANDALISM - MISDEAMEANOR ($399 OR UNDER)","63","F","W","1960"
"906","2020-01-29","2020-01-29","Central","BATTERY - SIMPLE ASSAULT","41","F","B","1982"
"907","2020-01-30","2020-01-30","Central","THEFT FROM MOTOR VEHICLE - PETTY ($950 & UNDER)","68","F","O","1955"
"908","2020-06-19","2020-06-19","Central","BATTERY - SIMPLE ASSAULT","33","M","W","1990"
"909","2020-01-27","2020-01-27","Central","THEFT FROM MOTOR VEHICLE - PETTY ($950 & UNDER)","43","M","H","1980"
"910","2020-01-29","2020-01-29","Central","BURGLARY FROM VEHICLE","49","M","H","1974"
"911","2020-01-29","2020-01-29","Central","VANDALISM - MISDEAMEANOR ($399 OR UNDER)","33","F","H","1990"
"912","2020-01-28","2020-01-28","Central","ASSAULT WITH DEADLY WEAPON, AGGRAVATED ASSAULT","37","M","H","1986"
"913","2020-01-30","2020-01-30","Central","VANDALISM - MISDEAMEANOR ($399 OR UNDER)","22","F","H","2001"
"914","2020-01-30","2020-01-30","Central","ROBBERY","49","M","H","1974"
"915","2020-01-30","2020-01-30","Southwest","VIOLATION OF RESTRAINING ORDER","37","F","B","1986"
"916","2020-01-30","2020-01-30","West LA","BURGLARY FROM VEHICLE","25","F","W","1998"
"917","2020-12-31","2020-12-31","Central","THEFT PLAIN - PETTY ($950 & UNDER)","28","M","H","1995"
"918","2020-01-29","2020-01-29","Central","BATTERY - SIMPLE ASSAULT","34","M","H","1989"
"919","2020-01-30","2020-01-30","Central","BIKE - STOLEN","40","M","W","1983"
"920","2020-01-30","2020-01-30","Central","THEFT-GRAND ($950.01 & OVER)EXCPT,GUNS,FOWL,LIVESTK,PROD","49","F","H","1974"
"921","2020-01-30","2020-01-30","West Valley","CRIMINAL THREATS - NO WEAPON DISPLAYED","18","F","O","2005"
"922","2020-01-30","2020-01-30","Central","BATTERY - SIMPLE ASSAULT","33","M","A","1990"
"923","2020-01-30","2020-01-30","Central","ATTEMPTED ROBBERY","59","M","B","1964"
"924","2020-01-30","2020-01-30","Rampart","THEFT OF IDENTITY","79","M","B","1944"
"925","2020-03-28","2020-03-28","Central","THEFT OF IDENTITY","33","M","O","1990"
"926","2020-01-30","2020-01-30","Central","THEFT PLAIN - PETTY ($950 & UNDER)","45","M","B","1978"
"927","2020-12-23","2020-12-23","Central","THEFT-GRAND ($950.01 & OVER)EXCPT,GUNS,FOWL,LIVESTK,PROD","34","M","W","1989"
"928","2020-01-30","2020-01-30","Central","VANDALISM - MISDEAMEANOR ($399 OR UNDER)","37","M","H","1986"
"929","2020-01-30","2020-01-30","Central","BURGLARY FROM VEHICLE","38","M","C","1985"
"930","2020-01-30","2020-01-30","Central","BURGLARY FROM VEHICLE","23","M","W","2000"
"931","2020-12-05","2020-12-05","Central","THEFT FROM MOTOR VEHICLE - PETTY ($950 & UNDER)","38","M","B","1985"
"932","2020-01-30","2020-01-30","Northeast","TRESPASSING","60","M","H","1963"
"933","2020-01-30","2020-01-30","77th Street","INTIMATE PARTNER - AGGRAVATED ASSAULT","31","M","B","1992"
"934","2020-01-30","2020-01-30","Central","BATTERY - SIMPLE ASSAULT","52","F","H","1971"
"935","2020-01-16","2020-01-16","Harbor","VANDALISM - FELONY ($400 & OVER, ALL CHURCH VANDALISMS)","39","M","B","1984"
"936","2020-01-30","2020-01-30","Central","SHOPLIFTING - PETTY THEFT ($950 & UNDER)","35","M","O","1988"
"937","2020-01-30","2020-01-30","Central","ASSAULT WITH DEADLY WEAPON, AGGRAVATED ASSAULT","40","M","B","1983"
"938","2020-01-30","2020-01-30","West Valley","INTIMATE PARTNER - SIMPLE ASSAULT","38","F","O","1985"
"939","2020-01-31","2020-01-31","Central","BURGLARY FROM VEHICLE","40","M","H","1983"
"940","2020-01-31","2020-01-31","Central","OTHER ASSAULT","62","M","B","1961"
"941","2020-06-12","2020-06-12","Central","BATTERY - SIMPLE ASSAULT","44","M","H","1979"
"942","2020-01-31","2020-01-31","Central","ASSAULT WITH DEADLY WEAPON, AGGRAVATED ASSAULT","29","M","H","1994"
"943","2020-01-31","2020-01-31","Central","THEFT PLAIN - PETTY ($950 & UNDER)","44","M","H","1979"
"944","2020-01-31","2020-01-31","Central","BURGLARY FROM VEHICLE","36","F","H","1987"
"945","2022-03-30","2022-03-30","Central","ASSAULT WITH DEADLY WEAPON, AGGRAVATED ASSAULT","26","M","H","1997"
"946","2021-12-14","2021-12-14","Central","BATTERY - SIMPLE ASSAULT","45","M","H","1978"
"947","2021-11-20","2021-11-20","Central","BATTERY - SIMPLE ASSAULT","36","F","H","1987"
"948","2020-01-31","2020-01-31","Central","BATTERY - SIMPLE ASSAULT","19","F","H","2004"
"949","2020-01-30","2020-01-30","Central","BATTERY - SIMPLE ASSAULT","17","F","H","2006"
"950","2020-01-30","2020-01-30","Central","BURGLARY FROM VEHICLE","24","M","W","1999"
"951","2020-01-30","2020-01-30","Central","THEFT-GRAND ($950.01 & OVER)EXCPT,GUNS,FOWL,LIVESTK,PROD","23","F","H","2000"
"952","2020-01-30","2020-01-30","Central","THEFT-GRAND ($950.01 & OVER)EXCPT,GUNS,FOWL,LIVESTK,PROD","31","M","A","1992"
"953","2020-01-30","2020-01-30","Central","THEFT OF IDENTITY","27","M","W","1996"
"954","2020-01-30","2020-01-30","Central","ASSAULT WITH DEADLY WEAPON, AGGRAVATED ASSAULT","30","M","B","1993"
"955","2020-01-30","2020-01-30","Central","BURGLARY FROM VEHICLE","25","F","A","1998"
"956","2020-01-30","2020-01-30","Central","BURGLARY FROM VEHICLE","25","F","O","1998"
"957","2020-01-31","2020-01-31","Central","THEFT, PERSON","22","F","H","2001"
"958","2020-01-30","2020-01-30","Central","BATTERY - SIMPLE ASSAULT","23","M","H","2000"
"959","2020-05-17","2020-05-17","Central","INTIMATE PARTNER - SIMPLE ASSAULT","42","M","W","1981"
"960","2020-04-07","2020-04-07","Central","INTIMATE PARTNER - AGGRAVATED ASSAULT","34","M","O","1989"
"961","2020-01-31","2020-01-31","Central","THEFT PLAIN - PETTY ($950 & UNDER)","27","M","W","1996"
"962","2020-01-31","2020-01-31","Central","ASSAULT WITH DEADLY WEAPON, AGGRAVATED ASSAULT","44","M","B","1979"
"963","2020-01-31","2020-01-31","Rampart","INTIMATE PARTNER - SIMPLE ASSAULT","23","F","B","2000"
"964","2020-01-31","2020-01-31","Central","SHOPLIFTING - PETTY THEFT ($950 & UNDER)","35","M","B","1988"
"965","2020-01-31","2020-01-31","Central","BATTERY POLICE (SIMPLE)","40","M","H","1983"
"966","2020-12-05","2020-12-05","Central","THEFT PLAIN - PETTY ($950 & UNDER)","38","M","H","1985"
"967","2020-11-09","2020-11-09","Central","VANDALISM - MISDEAMEANOR ($399 OR UNDER)","54","M","B","1969"
"968","2020-10-09","2020-10-09","Central","THEFT PLAIN - PETTY ($950 & UNDER)","34","M","B","1989"
"969","2020-07-19","2020-07-19","West LA","VANDALISM - MISDEAMEANOR ($399 OR UNDER)","22","F","W","2001"
"970","2020-04-08","2020-04-08","Northeast","BURGLARY","37","F","H","1986"
"971","2020-01-31","2020-01-31","Central","BURGLARY FROM VEHICLE","28","M","A","1995"
"972","2020-01-31","2020-01-31","Central","VANDALISM - FELONY ($400 & OVER, ALL CHURCH VANDALISMS)","25","M","W","1998"
"973","2020-01-28","2020-01-28","Central","ASSAULT WITH DEADLY WEAPON, AGGRAVATED ASSAULT","73","M","W","1950"
"974","2020-01-31","2020-01-31","Central","KIDNAPPING - GRAND ATTEMPT","12","M","H","2011"
"975","2020-01-31","2020-01-31","77th Street","ASSAULT WITH DEADLY WEAPON, AGGRAVATED ASSAULT","30","M","H","1993"
"976","2020-01-31","2020-01-31","Central","BURGLARY FROM VEHICLE","24","M","B","1999"
"977","2020-01-31","2020-01-31","West LA","THEFT OF IDENTITY","80","F","W","1943"
"978","2020-01-31","2020-01-31","77th Street","INTIMATE PARTNER - AGGRAVATED ASSAULT","38","F","B","1985"
"979","2020-01-10","2020-01-10","Rampart","VANDALISM - MISDEAMEANOR ($399 OR UNDER)","42","M","H","1981"
"980","2020-04-18","2020-04-18","Central","THEFT PLAIN - PETTY ($950 & UNDER)","59","F","H","1964"
"981","2020-01-31","2020-01-31","Central","BURGLARY","32","M","B","1991"
"982","2020-01-31","2020-01-31","Hollenbeck","BURGLARY FROM VEHICLE","49","M","H","1974"
"983","2020-01-31","2020-01-31","Central","BURGLARY","28","M","B","1995"
"984","2020-01-31","2020-01-31","Central","THEFT, PERSON","37","M","B","1986"
"985","2020-01-31","2020-01-31","Harbor","INTIMATE PARTNER - SIMPLE ASSAULT","55","F","H","1968"
"986","2020-02-01","2020-02-01","Central","BATTERY - SIMPLE ASSAULT","33","M","B","1990"
"987","2022-07-14","2022-07-14","Central","VANDALISM - MISDEAMEANOR ($399 OR UNDER)","25","M","W","1998"
"988","2020-01-30","2020-01-30","Central","BATTERY - SIMPLE ASSAULT","26","M","B","1997"
"989","2020-02-01","2020-02-01","Central","BATTERY - SIMPLE ASSAULT","32","M","W","1991"
"990","2020-01-31","2020-01-31","Central","VANDALISM - FELONY ($400 & OVER, ALL CHURCH VANDALISMS)","38","F","W","1985"
"991","2020-01-31","2020-01-31","Central","BURGLARY FROM VEHICLE","29","M","V","1994"
"992","2020-01-31","2020-01-31","Central","BIKE - STOLEN","44","M","W","1979"
"993","2020-02-01","2020-02-01","Central","THEFT PLAIN - PETTY ($950 & UNDER)","18","M","F","2005"
"994","2020-02-01","2020-02-01","Central","BURGLARY FROM VEHICLE","24","M","B","1999"
"995","2020-05-07","2020-05-07","Southeast","BATTERY - SIMPLE ASSAULT","22","F","B","2001"
"996","2020-11-16","2020-11-16","Central","LETTERS, LEWD  -  TELEPHONE CALLS, LEWD","25","F","H","1998"
"997","2020-02-01","2020-02-01","Central","BATTERY - SIMPLE ASSAULT","27","F","H","1996"
"998","2020-02-01","2020-02-01","Central","BURGLARY FROM VEHICLE","29","F","W","1994"
"999","2020-02-01","2020-02-01","Central","BIKE - STOLEN","42","M","H","1981"
